time,tavg,tmin,tmax,prcp,snow,wdir,wspd,wpgt,pres,tsun,station,latitude,longitude,elevation
2024-01-01,26.1,21.0,31.2,0.8,,337.0,6.9,,1011.4,,69377,4.07,-73.55,378.0
2024-01-01,27.0,24.0,32.0,0.0,,331.0,9.6,,1012.2,,78792,9.05,-79.3667,45.0
2024-01-01,27.7,25.0,33.0,0.2,,336.0,12.0,,1012.3,,78808,8.9833,-79.55,66.0
2024-01-01,25.4,23.7,28.1,1.2,,65.0,21.0,,1015.3,,78922,14.7667,-60.8833,33.0
2024-01-01,25.5,22.0,30.0,0.0,,96.0,11.0,40.8,1014.7,,78925,14.6,-61.0,5.0
2024-01-01,25.5,23.0,29.2,,,67.0,7.6,31.5,1014.8,,78946,14.0333,-61.0167,55.0
2024-01-01,26.5,24.5,30.0,0.2,,75.0,16.9,,1014.9,,78947,14.0167,-61.0,2.0
2024-01-01,26.6,24.6,30.0,0.0,,75.0,19.3,31.5,1014.6,,78948,13.75,-60.95,3.0
2024-01-01,25.9,22.7,29.1,0.0,,70.0,17.7,33.3,1013.8,,78954,13.0667,-59.4833,50.0
2024-01-01,26.8,23.6,30.4,0.0,,38.0,9.3,31.5,1014.1,,78958,12.0,-61.7833,6.0
2024-01-01,26.6,24.7,29.9,0.0,,48.0,10.0,,1013.8,,78961,11.15,-60.85,8.0
2024-01-01,27.0,24.9,29.6,0.0,,57.0,6.7,29.6,1013.8,,78962,11.15,-60.8333,3.0
2024-01-01,26.9,22.8,32.2,0.0,,15.0,3.1,25.9,1013.5,,78970,10.6167,-61.35,12.0
2024-01-01,27.6,24.6,30.3,0.0,,80.0,21.8,,1013.8,,78982,12.5,-70.0167,18.0
2024-01-01,27.9,27.0,30.1,1.6,,89.0,18.3,,1014.2,,78988,12.2,-68.9667,9.0
2024-01-01,27.3,25.2,30.5,0.0,,76.0,16.7,,1013.9,,78990,12.15,-68.2833,6.0
2024-01-01,29.3,24.1,35.4,0.0,,49.0,18.1,,1011.7,,80009,11.1333,-74.2333,4.0
2024-01-01,28.8,26.0,31.2,0.0,,22.0,13.2,,1010.8,,80022,10.45,-75.5167,1.0
2024-01-01,28.5,24.3,33.0,0.0,,37.0,18.4,,1011.2,,80028,10.8833,-74.7833,14.0
2024-01-01,26.7,22.0,32.0,1.7,,83.0,20.0,,1013.3,,80035,11.5333,-72.9333,4.0
2024-01-01,29.9,23.7,34.0,0.0,,53.0,24.5,,1012.9,,80036,10.4333,-73.25,138.0
2024-01-01,26.4,22.2,30.8,0.0,,146.0,10.0,,1011.5,,80044,9.3333,-75.2833,81.0
2024-01-01,28.0,24.6,34.0,0.0,,313.0,6.7,,1011.1,,80063,8.8167,-75.85,20.0
2024-01-01,28.1,22.8,31.2,0.0,,0.0,14.9,,1011.7,,80084,7.8167,-76.7,20.0
2024-01-01,26.8,23.1,32.4,8.9,,209.0,7.1,,1011.1,,80091,7.0167,-73.8,126.0
2024-01-01,21.1,17.7,25.2,0.0,,3.0,5.8,,1015.8,,80094,7.1,-73.2,1189.0
2024-01-01,25.8,20.9,31.3,0.0,,348.0,6.6,,1016.0,,80097,7.9333,-72.5167,250.0
2024-01-01,30.0,23.3,34.4,0.0,,8.0,4.9,,1011.2,,80099,7.0667,-70.7333,128.0
2024-01-01,25.9,23.2,30.0,6.8,,61.0,6.4,,1012.0,,80100,6.1833,-77.4,24.0
2024-01-01,20.3,14.9,27.1,0.8,,36.0,8.7,,,,80110,6.2167,-75.6,1490.0
2024-01-01,16.1,11.1,23.8,0.0,,60.0,7.3,,1026.5,,80112,6.1333,-75.4333,2140.0
2024-01-01,27.3,25.3,30.3,0.6,,342.0,11.0,,1012.1,,80132,6.45,-71.75,350.0
2024-01-01,31.2,24.8,34.7,0.0,,37.0,13.5,,1010.0,,80139,6.1667,-67.5,55.0
2024-01-01,26.7,23.8,32.2,9.9,,141.0,5.1,,1011.6,,80144,5.7167,-76.6167,53.0
2024-01-01,16.4,11.9,21.0,8.6,,251.0,7.0,,1022.0,,80149,5.0333,-75.4667,2080.0
2024-01-01,23.9,18.9,31.0,2.6,,44.0,5.2,,1014.1,,80209,4.7582,-75.9557,908.0
2024-01-01,22.8,17.8,28.0,0.0,,117.0,7.6,,1017.5,,80210,4.8167,-75.7333,1342.0
2024-01-01,23.7,18.2,28.6,1.0,,25.0,3.8,,1016.9,,80211,4.5,-75.7167,1204.0
2024-01-01,24.8,20.8,28.3,0.0,,83.0,5.9,,1017.3,,80214,4.4333,-75.15,928.0
2024-01-01,25.3,22.7,28.8,1.6,,90.0,7.2,,1011.9,,80219,4.2833,-74.8,286.0
2024-01-01,15.5,4.5,21.0,0.0,,332.0,7.3,,1027.6,,80222,4.7167,-74.15,2547.0
2024-01-01,26.6,22.1,32.0,0.5,,335.0,4.9,,1012.9,,80234,4.1667,-73.6167,423.0
2024-01-01,25.9,23.3,30.0,14.0,,199.0,6.4,,1012.2,,80252,3.85,-76.9667,14.0
2024-01-01,24.1,20.0,30.3,1.9,,355.0,9.2,,1015.9,,80259,3.55,-76.3833,961.0
2024-01-01,24.8,22.8,28.7,24.2,,194.0,9.3,,1012.2,,80300,2.5833,-77.9,54.0
2024-01-01,18.4,13.9,24.0,0.9,,176.0,6.7,,1016.0,,80308,2.4667,-76.6,1730.0
2024-01-01,28.2,22.5,32.8,0.0,,280.0,5.8,,1012.8,,80315,2.9667,-75.3,439.0
2024-01-01,27.8,23.7,33.0,0.2,,15.0,5.2,,1010.7,,80322,2.5667,-72.6333,155.0
2024-01-01,25.2,23.7,27.4,13.8,,217.0,10.9,,1012.3,,80336,1.8167,-78.75,3.0
2024-01-01,19.2,15.7,21.8,1.0,,28.0,5.9,,1019.6,,80342,1.4167,-77.2667,1826.0
2024-01-01,26.8,22.6,33.0,35.4,,10.0,5.0,,1011.6,,80354,1.6,-75.5333,244.0
2024-01-01,26.9,23.5,33.0,2.4,,50.0,5.0,,1010.8,,80361,1.1333,-70.05,207.0
2024-01-01,13.8,7.6,17.0,0.0,,358.0,4.7,,1023.2,,80370,0.8167,-77.6333,2961.0
2024-01-01,26.7,22.6,33.0,7.3,,45.0,5.3,,1011.1,,80372,0.5,-76.5,254.0
2024-01-01,26.8,24.0,31.8,2.1,,5.0,2.3,,1009.7,,80398,-4.1667,-69.95,84.0
2024-01-01,28.1,24.5,32.8,1.6,,74.0,25.6,,1013.1,,80403,11.4167,-69.6833,16.0
2024-01-01,27.8,24.6,32.6,0.0,,81.0,22.7,,1013.4,,80404,11.77,-70.14,23.0
2024-01-01,27.7,25.6,30.6,0.8,,32.0,14.6,,1013.7,,80407,10.5667,-71.7333,66.0
2024-01-01,25.7,22.0,31.5,0.0,,12.0,13.2,,1014.4,,80410,10.0667,-69.3167,613.0
2024-01-01,24.9,20.9,30.1,0.0,,354.0,11.1,,1014.8,,80413,10.25,-67.65,436.0
2024-01-01,23.6,19.9,29.6,0.1,,108.0,10.2,,1014.1,,80414,10.29,-66.81,654.0
2024-01-01,26.4,24.4,29.0,0.4,,92.0,5.7,,1014.5,,80415,10.6,-66.9833,43.0
2024-01-01,,,,0.9,,,,,,,80416,10.5,-66.8833,835.0
2024-01-01,27.8,21.0,33.0,0.9,,33.0,24.5,,1013.1,,80419,10.1167,-64.6833,7.0
2024-01-01,26.3,23.9,29.7,0.1,,53.0,13.7,,1014.2,,80421,10.9167,-63.9667,24.0
2024-01-01,24.4,20.9,29.3,0.4,,85.0,6.0,,1013.7,,80426,9.35,-70.6167,582.0
2024-01-01,29.0,23.0,35.2,0.0,,33.0,10.0,,1011.2,,80428,9.0167,-69.7333,163.0
2024-01-01,27.7,22.5,35.0,0.0,,22.0,13.1,,1012.6,,80431,9.9167,-67.3333,429.0
2024-01-01,26.2,23.3,30.9,0.9,,50.0,14.2,,1013.2,,80435,9.75,-63.1833,65.0
2024-01-01,19.8,14.3,28.0,6.3,,4.0,8.4,,,,80438,8.6,-71.1833,1479.0
2024-01-01,27.4,24.0,33.5,0.0,,20.0,8.7,,1011.3,,80440,8.6167,-70.2167,203.0
2024-01-01,29.7,26.4,34.0,0.2,,63.0,18.2,,1011.9,,80444,8.15,-63.55,43.0
2024-01-01,24.7,23.1,28.4,16.5,,188.0,6.7,,1013.2,,80445,8.25,-72.27,98.0
2024-01-01,23.9,22.5,27.3,15.1,,324.0,6.1,,1015.1,,80447,7.85,-72.45,377.0
2024-01-01,28.5,24.0,33.6,0.0,,358.0,8.7,,1011.0,,80448,7.2333,-70.8,130.0
2024-01-01,31.3,26.4,35.9,0.0,,51.0,16.0,,1010.8,,80450,7.9,-67.4167,47.0
2024-01-01,27.6,23.2,32.8,0.2,,39.0,9.7,,1010.2,,80457,5.6,-67.5,73.0
2024-01-01,27.6,24.6,34.0,0.0,,40.0,10.7,,1012.9,,80472,10.1667,-67.9333,430.0
2024-01-01,26.6,23.9,29.5,2.8,,57.0,11.2,,1013.3,,81001,6.8,-58.15,1.0
2024-01-01,26.3,23.0,31.6,2.8,,58.0,10.4,37.0,1012.5,,81002,6.5,-58.25,28.0
2024-01-01,23.5,20.7,27.9,1.6,,36.0,9.6,,1014.1,,81005,5.8833,-60.5,494.0
2024-01-01,29.6,24.7,36.0,0.0,,69.0,19.2,,1010.9,,81006,3.3667,-59.8,82.0
2024-01-01,26.7,24.7,28.5,3.1,,64.0,23.4,,1012.4,,81058,6.25,-57.25,1.0
2024-01-01,26.2,23.3,30.1,2.4,,71.0,12.3,,1012.8,,81100,8.2,-59.7833,50.0
2024-01-01,26.7,22.6,33.0,0.0,,76.0,15.0,,1012.2,,81200,5.8167,-55.1833,7.0
2024-01-01,26.8,24.8,30.2,1.6,,60.0,19.7,,1012.3,,81202,5.95,-57.0333,2.0
2024-01-01,29.7,21.6,32.9,0.0,,67.0,9.9,,1012.0,,81225,5.45,-55.2,15.0
2024-01-01,26.4,22.2,32.2,0.0,,70.0,11.9,,1012.2,,81401,5.5,-54.0333,4.0
2024-01-01,26.6,22.5,31.1,0.3,,35.0,8.8,38.9,1012.1,,81405,4.8333,-52.3667,105.0
2024-01-01,26.1,22.1,32.0,0.2,,22.0,9.7,42.6,1012.2,,81408,3.8833,-51.8,6.0
2024-01-01,25.8,20.1,32.3,0.0,,49.0,10.1,,1012.0,,81415,3.6333,-54.0333,105.0
2024-01-01,26.2,21.6,32.0,0.0,,76.0,3.7,,1012.4,,81609,3.8136,-51.8625,19.0
2024-01-01,30.2,25.5,36.2,0.0,,52.0,12.1,,1011.0,,81615,2.8047,-60.6467,94.0
2024-01-01,28.2,25.0,33.5,1.3,,114.0,2.6,,1009.9,,81648,-0.9878,-62.9242,17.0
2024-01-01,26.6,23.5,28.2,3.5,,53.0,9.4,,1013.8,,81660,-0.6186,-47.3511,21.0
2024-01-01,26.7,24.6,29.5,4.5,,264.0,2.4,,1011.8,,81680,-1.4103,-48.4383,24.0
2024-01-01,27.0,24.7,29.7,6.4,,359.0,0.3,,1012.0,,81682,-1.3008,-47.9475,65.0
2024-01-01,27.1,23.7,31.5,1.1,,57.0,4.7,,1009.6,,81685,-1.0453,-46.7828,33.0
2024-01-01,25.9,24.0,30.7,17.8,,88.0,6.8,,1010.9,,81687,-1.6617,-45.3728,41.0
2024-01-01,27.2,23.5,31.2,1.0,,102.0,6.9,,1010.5,,81699,-2.0564,-60.0256,92.0
2024-01-01,25.7,21.2,32.1,2.8,,24.0,0.8,,1017.7,,81700,-2.4317,-59.5636,59.0
2024-01-01,25.1,22.7,28.0,0.2,,340.0,0.8,,1010.6,,81702,-2.5347,-57.7583,17.0
2024-01-01,27.4,25.0,31.7,2.8,,244.0,4.1,,1010.2,,81703,-2.6389,-56.7561,35.0
2024-01-01,25.2,23.7,29.1,18.9,,33.0,2.9,,1012.2,,81711,-2.5922,-48.3608,38.0
2024-01-01,25.5,24.5,27.1,20.8,,265.0,4.2,,1012.6,,81715,-2.5269,-44.2131,56.0
2024-01-01,26.2,23.3,28.9,30.4,,76.0,9.8,,1012.1,,81717,-2.5925,-42.7072,0.0
2024-01-01,28.0,25.1,32.6,5.1,,127.0,3.9,,1010.3,,81729,-3.2944,-60.6283,19.0
2024-01-01,28.4,25.0,33.0,2.1,,99.0,3.7,,1011.5,,81730,-3.1292,-59.9483,67.0
2024-01-01,28.6,24.7,34.2,5.9,,113.0,5.4,,1010.3,,81732,-3.5831,-59.1294,28.0
2024-01-01,27.1,24.8,30.2,3.1,,3.0,0.9,,1010.7,,81734,-3.3989,-57.6736,35.0
2024-01-01,28.1,24.2,33.7,1.7,,31.0,3.6,,1009.9,,81737,-3.8639,-54.2164,96.0
2024-01-01,25.8,22.1,31.5,6.8,,60.0,7.3,,1010.9,,81745,-3.0103,-47.3431,101.0
2024-01-01,26.2,23.0,31.5,8.5,,48.0,5.4,,1012.2,,81749,-3.7428,-43.3519,91.0
2024-01-01,25.5,24.0,28.1,14.8,,76.0,6.5,,1012.3,,81752,-3.0697,-41.7833,57.0
2024-01-01,25.2,22.2,30.5,11.4,,19.0,1.8,,1012.4,,81754,-3.7481,-40.3456,64.0
2024-01-01,26.3,23.7,30.2,28.1,,95.0,5.8,,1012.5,,81755,-3.1208,-40.0869,76.0
2024-01-01,26.2,23.6,28.2,15.6,,6.0,2.0,,1013.0,,81758,-3.8,-38.5333,41.0
2024-01-01,25.1,22.5,28.6,5.5,,70.0,2.7,,1013.2,,81774,-6.8356,-38.3114,234.0
2024-01-01,27.7,25.1,31.1,1.2,,321.0,1.2,,1010.7,,81778,-4.2764,-55.9931,13.0
2024-01-01,26.2,23.4,29.6,10.7,,13.0,8.8,,1011.8,,81784,-4.2567,-49.9272,113.0
2024-01-01,26.0,23.2,31.0,5.8,,322.0,4.1,,1010.1,,81786,-4.7844,-48.0711,221.0
2024-01-01,27.5,23.6,33.0,8.0,,18.0,4.6,,1011.9,,81792,-4.8214,-43.3436,76.0
2024-01-01,25.5,22.7,32.7,8.0,,355.0,6.4,,1012.4,,81794,-4.2761,-41.7936,161.0
2024-01-01,20.1,18.9,22.1,17.8,,60.0,7.0,,1013.9,,81797,-4.2611,-38.9308,870.0
2024-01-01,25.1,23.0,26.7,15.3,,82.0,6.4,,1009.6,,81798,-4.7869,-37.7769,12.0
2024-01-01,27.1,24.0,30.8,4.5,,9.0,8.6,,1011.6,,81820,-5.1672,-49.3792,116.0
2024-01-01,26.3,23.3,30.6,14.3,,26.0,6.2,,1011.8,,81821,-5.6436,-48.1117,117.0
2024-01-01,27.1,24.5,33.1,14.6,,0.0,0.0,,1011.6,,81822,-5.5556,-47.4597,126.0
2024-01-01,25.4,22.9,29.0,6.9,,8.0,6.3,,1012.2,,81825,-5.5067,-45.2369,153.0
2024-01-01,27.9,23.7,33.2,10.6,,3.0,3.4,,1012.1,,81827,-5.0347,-42.8011,74.0
2024-01-01,25.6,22.5,31.2,5.8,,35.0,4.5,,1012.8,,81829,-5.3486,-41.5119,286.0
2024-01-01,25.5,21.7,31.1,7.9,,19.0,5.5,,1013.2,,81830,-5.1861,-40.6717,291.0
2024-01-01,25.9,23.2,30.2,7.5,,41.0,9.0,,1012.7,,81831,-5.1742,-39.2872,218.0
2024-01-01,25.8,23.2,28.5,21.6,,65.0,7.4,,1012.5,,81832,-5.1364,-38.3564,44.0
2024-01-01,26.4,23.5,31.1,21.3,,8.0,5.0,,1012.0,,81833,-5.9053,-38.6278,184.0
2024-01-01,24.9,22.5,27.6,18.6,,101.0,4.5,,1013.3,,81834,-5.0817,-37.3686,36.0
2024-01-01,24.3,22.6,26.5,24.2,,23.0,5.5,,1013.2,,81835,-5.6272,-37.8319,150.0
2024-01-01,26.5,24.2,28.9,3.2,,62.0,10.2,,1012.4,,81838,-5.16,-35.4875,17.0
2024-01-01,26.6,24.6,30.0,3.1,,41.0,9.9,,1012.4,,81839,-5.8333,-35.2,65.0
2024-01-01,25.8,21.8,30.6,10.7,,1.0,5.5,,1011.8,,81846,-8.4431,-43.8647,270.0
2024-01-01,25.5,22.5,33.1,10.1,,0.0,5.3,,1011.8,,81847,-8.1178,-42.9756,308.0
2024-01-01,27.5,23.6,33.7,14.0,,359.0,4.8,,1011.7,,81848,-8.3647,-42.2508,235.0
2024-01-01,23.3,19.7,28.2,17.7,,321.0,5.5,,1012.5,,81860,-6.0775,-50.1422,719.0
2024-01-01,27.6,24.7,32.5,4.0,,360.0,0.0,,1011.4,,81863,-6.6533,-47.4183,180.0
2024-01-01,26.8,22.7,32.2,6.6,,6.0,1.6,,1011.1,,81866,-6.0333,-44.2333,179.0
2024-01-01,27.1,23.6,32.0,5.9,,51.0,2.7,,1012.0,,81868,-6.7667,-43.0167,123.0
2024-01-01,27.3,24.0,34.0,12.4,,302.0,4.1,,1011.8,,81869,-6.9742,-42.1469,156.0
2024-01-01,26.0,23.0,31.7,1.6,,349.0,8.3,,1012.8,,81872,-6.0167,-40.2817,415.0
2024-01-01,25.0,21.6,29.0,14.3,,57.0,7.5,,1012.7,,81873,-6.3967,-39.2703,233.0
2024-01-01,25.1,22.6,27.7,13.4,,308.0,5.7,,1013.3,,81875,-6.4672,-37.0847,170.0
2024-01-01,25.3,22.5,30.3,16.8,,50.0,7.3,,1013.0,,81876,-6.2292,-36.0289,237.0
2024-01-01,22.4,20.5,27.5,11.4,,27.0,6.6,,1013.2,,81877,-6.9667,-35.6833,575.0
2024-01-01,24.2,22.0,28.1,9.1,,19.0,2.0,,1013.0,,81878,-6.6108,-35.1347,136.0
2024-01-01,26.0,23.7,30.7,7.9,,9.0,2.9,,1011.3,,81888,-7.2608,-64.7886,64.0
2024-01-01,25.9,23.5,28.7,5.5,,101.0,3.9,,1011.1,,81890,-7.5522,-63.0717,72.0
2024-01-01,25.3,22.9,30.6,2.9,,346.0,6.9,,1011.9,,81900,-7.2708,-48.2011,226.0
2024-01-01,26.6,23.6,29.9,2.4,,334.0,6.5,,1011.6,,81901,-7.3372,-47.4597,192.0
2024-01-01,25.8,23.2,31.5,0.7,,92.0,2.3,,1012.1,,81903,-7.4553,-46.0275,254.0
2024-01-01,24.6,22.1,31.1,8.8,,353.0,2.1,,1012.7,,81905,-7.4747,-44.3447,393.0
2024-01-01,27.2,24.0,32.6,1.6,,14.0,8.0,,1011.8,,81908,-7.0708,-41.4042,233.0
2024-01-01,24.6,22.1,31.1,7.2,,51.0,6.5,,1013.6,,81909,-7.0781,-40.3631,572.0
2024-01-01,26.6,22.7,33.0,8.8,,320.0,7.9,,1011.8,,81910,-7.54,-40.03,464.0
2024-01-01,24.4,20.7,29.9,6.9,,62.0,4.7,,1013.0,,81911,-7.3006,-39.2706,409.0
2024-01-01,23.8,21.5,27.6,28.0,,333.0,7.3,,1013.1,,81912,-7.9536,-38.2947,461.0
2024-01-01,25.8,23.4,29.9,11.2,,3.0,9.4,,1012.9,,81913,-7.0797,-37.2725,249.0
2024-01-01,23.0,21.6,25.5,22.9,,355.0,0.1,,1013.8,,81914,-7.8942,-37.1244,605.0
2024-01-01,23.7,22.0,27.2,10.5,,0.0,1.1,,1013.1,,81915,-7.4833,-36.2864,436.0
2024-01-01,23.0,20.6,27.6,16.5,,44.0,8.1,,1013.9,,81916,-7.2258,-35.9056,548.0
2024-01-01,23.6,21.1,27.5,11.2,,56.0,7.0,,1013.5,,81917,-7.8425,-35.7906,418.0
2024-01-01,25.5,23.2,28.7,3.2,,49.0,3.6,,1011.6,,81918,-7.1419,-34.8508,44.0
2024-01-01,25.9,24.1,31.0,1.7,,24.0,5.4,,1010.2,,81924,-8.1419,-70.3431,163.0
2024-01-01,26.2,23.5,29.6,11.8,,60.0,4.4,,1011.0,,81927,-8.7767,-67.3322,111.0
2024-01-01,25.9,24.0,31.2,11.7,,3.0,5.1,,1011.3,,81932,-8.7931,-63.8467,98.0
2024-01-01,26.5,23.9,31.3,19.6,,311.0,6.2,,1011.6,,81940,-8.2758,-49.2742,180.0
2024-01-01,27.3,23.5,32.1,0.0,,291.0,6.2,,1011.4,,81941,-8.9686,-48.1775,189.0
2024-01-01,27.3,23.7,34.5,8.1,,341.0,4.9,,1011.6,,81950,-8.1325,-41.1428,374.0
2024-01-01,28.9,26.5,34.0,5.6,,7.0,0.4,,1011.9,,81951,-8.5036,-39.3144,342.0
2024-01-01,23.5,20.1,30.0,25.3,,11.0,9.5,,1013.7,,81953,-8.4333,-37.0833,681.0
2024-01-01,26.6,23.5,31.6,8.8,,47.0,7.2,,1012.2,,81954,-8.5094,-37.7114,448.0
2024-01-01,22.9,19.5,28.9,6.1,,41.0,9.3,,1014.0,,81955,-8.9069,-36.4947,822.0
2024-01-01,21.4,19.7,25.5,42.0,,41.0,4.7,,1015.1,,81956,-8.2356,-35.9853,550.0
2024-01-01,26.6,22.6,32.2,11.4,,356.0,6.4,,1012.1,,81957,-8.6664,-35.5681,180.0
2024-01-01,26.1,23.1,30.1,5.1,,32.0,11.0,,1012.6,,81958,-8.05,-34.95,10.0
2024-01-01,26.2,23.4,30.5,3.4,,1.0,6.0,,1010.5,,81963,-9.3661,-69.9344,206.0
2024-01-01,25.4,23.2,29.7,11.9,,38.0,5.1,,1011.1,,81970,-9.9489,-62.9619,140.0
2024-01-01,25.7,23.5,30.6,5.1,,288.0,5.8,,1012.3,,81975,-9.9061,-58.5719,261.0
2024-01-01,26.5,25.0,30.5,26.1,,279.0,3.7,,1011.8,,81976,-9.5639,-57.3936,220.0
2024-01-01,25.5,23.7,30.2,7.0,,317.0,5.1,,1011.5,,81977,-10.0672,-56.7522,294.0
2024-01-01,25.1,23.5,29.7,2.9,,322.0,4.4,,1011.6,,81978,-9.9703,-55.8272,300.0
2024-01-01,26.4,22.5,32.5,9.9,,12.0,1.9,,1011.5,,81985,-9.1081,-45.9319,281.0
2024-01-01,26.3,22.2,33.6,3.1,,293.0,5.8,,1011.1,,81986,-9.8747,-45.3464,425.0
2024-01-01,25.8,21.2,33.1,10.1,,34.0,4.2,,1011.8,,81987,-9.0833,-44.3264,297.0
2024-01-01,24.5,21.9,27.4,9.7,,14.0,2.0,,1012.5,,81988,-9.2861,-43.3244,523.0
2024-01-01,25.6,22.1,29.9,19.2,,263.0,6.1,,1012.0,,81989,-9.0331,-42.7006,402.0
2024-01-01,27.0,22.5,31.5,7.0,,335.0,9.2,,1011.3,,81990,-9.6189,-42.0831,401.0
2024-01-01,28.0,23.2,32.5,3.3,,320.0,6.7,,1011.4,,81991,-9.3833,-40.8,371.0
2024-01-01,27.9,22.5,33.6,9.6,,25.0,11.6,,1012.0,,81992,-9.8336,-39.4956,453.0
2024-01-01,30.8,25.7,37.7,0.3,,131.0,7.8,,1011.4,,81994,-9.7658,-37.4478,19.0
2024-01-01,28.4,24.1,35.2,1.0,,70.0,9.7,,1012.0,,81995,-9.4206,-36.6203,275.0
2024-01-01,27.8,23.1,35.5,0.2,,99.0,8.9,,1012.3,,81996,-9.8042,-36.6189,241.0
2024-01-01,27.4,23.5,32.0,1.3,,59.0,8.3,,1012.6,,81997,-9.2875,-35.5658,19.0
2024-01-01,27.5,24.0,31.5,0.6,,62.0,10.2,,1012.9,,81998,-9.5511,-35.77,65.0
2024-01-01,26.8,22.0,32.0,0.2,,26.0,7.6,,1012.1,,82017,3.8333,-51.8333,39.0
2024-01-01,29.9,25.0,35.0,0.0,,77.0,20.7,29.6,1011.0,,82022,2.8333,-60.7,84.0
2024-01-01,29.0,24.9,35.8,0.0,,40.0,9.6,,1010.2,,82042,1.8333,-61.1333,95.0
2024-01-01,29.8,26.8,35.0,6.7,,36.0,8.0,,1011.0,,82098,0.0333,-50.05,15.0
2024-01-01,27.3,25.1,30.7,,,47.0,9.7,48.2,1012.0,,82099,0.05,-51.0667,16.0
2024-01-01,27.0,24.5,32.0,10.8,,168.0,4.6,,1010.5,,82106,-0.1333,-67.0833,90.0
2024-01-01,27.5,24.0,32.0,7.1,,53.0,3.5,,1010.7,,82111,-3.0333,-60.05,2.0
2024-01-01,28.3,25.0,32.1,1.7,,118.0,6.5,,1010.1,,82113,-0.9833,-62.5833,40.0
2024-01-01,26.0,23.2,29.2,13.3,,28.0,10.9,,1012.0,,82141,-0.6667,-48.55,11.0
2024-01-01,27.1,25.4,30.0,3.5,,47.0,16.2,,1011.9,,82143,-0.6167,-47.3833,25.0
2024-01-01,26.2,23.1,31.7,2.3,,26.0,5.7,,1012.0,,82145,-1.0833,-46.9333,36.0
2024-01-01,27.7,23.4,32.3,9.6,,65.0,12.5,,1011.1,,82181,-2.0,-54.0833,146.0
2024-01-01,27.0,24.1,30.3,4.6,,58.0,9.5,,1011.5,,82184,-1.7333,-52.2333,17.0
2024-01-01,26.4,24.8,28.1,,,55.0,9.5,,1012.2,,82191,-1.45,-48.4667,10.0
2024-01-01,26.8,23.6,31.2,0.0,,345.0,6.5,,1011.9,,82193,-1.3833,-48.4833,16.0
2024-01-01,25.6,23.0,30.6,18.0,,57.0,7.1,,1012.3,,82198,-1.7167,-45.4,44.0
2024-01-01,26.7,24.7,30.2,7.1,,99.0,5.4,,1010.7,,82212,-2.5333,-66.1667,55.0
2024-01-01,27.6,24.8,32.5,,,175.0,6.5,31.5,1011.1,,82240,-2.6333,-56.7333,29.0
2024-01-01,29.9,26.0,34.0,1.1,,97.0,11.6,31.5,1010.4,,82244,-2.4333,-54.7167,72.0
2024-01-01,28.2,25.4,31.3,1.4,,56.0,12.6,,1010.7,,82246,-2.6333,-54.95,176.0
2024-01-01,26.6,25.2,28.7,,,55.0,9.1,,1012.2,,82280,-2.5333,-44.3,51.0
2024-01-01,26.2,24.0,29.0,24.8,,61.0,10.6,,1011.8,,82281,-2.6,-44.2333,53.0
2024-01-01,28.0,22.8,31.0,15.2,,34.0,9.7,,1012.0,,82288,-2.9167,-41.75,5.0
2024-01-01,27.7,25.0,32.0,2.2,,139.0,6.7,,1010.6,,82317,-3.3667,-64.6833,47.0
2024-01-01,27.8,25.0,32.0,3.3,,110.0,3.8,,1010.8,,82332,-3.15,-59.9833,84.0
2024-01-01,27.8,25.3,30.2,3.0,,99.0,6.4,,1010.5,,82336,-3.1333,-58.4333,40.0
2024-01-01,28.2,24.0,33.0,3.9,,75.0,8.3,,1011.6,,82353,-3.2,-52.2,74.0
2024-01-01,25.8,23.2,29.0,5.7,,24.0,9.5,,1012.1,,82361,-3.7167,-49.7167,40.0
2024-01-01,27.3,25.3,30.7,,,7.0,6.8,,1012.4,,82397,-3.7667,-38.6,26.0
2024-01-01,26.7,24.0,28.0,14.9,,30.0,7.2,,1012.0,,82398,-3.7833,-38.5333,25.0
2024-01-01,27.3,25.0,31.0,1.7,,92.0,8.0,,1012.6,,82400,-3.85,-32.4167,56.0
2024-01-01,26.7,24.0,32.5,6.8,,61.0,5.7,,1010.7,,82410,-4.3833,-70.0333,65.0
2024-01-01,26.1,24.0,30.0,7.2,,96.0,6.0,,1010.7,,82411,-3.6667,-69.6667,85.0
2024-01-01,29.3,25.8,33.8,,,125.0,9.6,,1010.8,,82425,-4.9167,-63.0833,46.0
2024-01-01,26.8,24.3,32.0,1.2,,145.0,7.0,,1010.6,,82444,-4.25,-56.0,34.0
2024-01-01,26.7,22.8,31.6,2.9,,118.0,5.2,,1011.3,,82445,-4.2667,-55.5833,45.0
2024-01-01,25.2,23.5,28.5,18.8,,312.0,4.8,,1012.2,,82460,-4.25,-44.7833,25.0
2024-01-01,24.8,23.0,27.0,7.4,,261.0,4.9,,1012.4,,82476,-4.85,-43.3333,103.0
2024-01-01,27.7,24.6,32.9,1.2,,243.0,5.0,,1010.6,,82533,-5.8167,-61.3,50.0
2024-01-01,28.7,25.0,34.0,8.9,,348.0,5.8,,1011.3,,82562,-5.35,-49.15,95.0
2024-01-01,27.3,24.7,34.0,13.9,,72.0,7.1,,1011.8,,82564,-5.5333,-47.5,123.0
2024-01-01,25.4,23.0,29.3,9.4,,4.0,6.7,,1012.3,,82571,-5.5,-45.2667,153.0
2024-01-01,28.4,24.5,33.0,23.9,,9.0,8.4,,1011.0,,82579,-5.05,-42.8167,69.0
2024-01-01,26.0,23.2,30.2,7.6,,44.0,9.1,,1012.7,,82586,-5.2,-39.3,212.0
2024-01-01,24.9,23.4,27.0,13.4,,109.0,7.8,,1012.6,,82591,-5.2,-37.3667,23.0
2024-01-01,27.7,25.7,30.6,,,81.0,8.9,,1012.0,,82598,-5.7667,-35.2,45.0
2024-01-01,26.0,23.0,30.0,10.7,,122.0,10.1,,1012.1,,82599,-5.9167,-35.25,52.0
2024-01-01,26.9,24.3,31.3,2.8,,9.0,4.5,,1010.7,,82610,-6.6667,-69.8667,104.0
2024-01-01,27.8,25.3,31.2,2.1,,35.0,4.6,,1011.4,,82640,-6.2667,-57.7333,98.0
2024-01-01,27.5,24.6,31.5,,,326.0,7.8,,1011.2,,82659,-7.2,-48.2,229.0
2024-01-01,26.4,22.6,31.7,6.0,,355.0,7.0,,1011.9,,82678,-6.7667,-43.0167,127.0
2024-01-01,25.8,22.8,31.2,6.8,,351.0,8.3,,1012.8,,82683,-6.0,-40.4167,399.0
2024-01-01,26.2,22.9,32.0,2.2,,310.0,5.2,,1010.8,,82704,-7.6333,-72.6667,170.0
2024-01-01,26.4,23.5,32.2,7.9,,18.0,4.8,,1010.9,,82723,-7.25,-64.8333,60.0
2024-01-01,26.7,23.6,29.9,2.3,,334.0,6.5,,1011.6,,82764,-7.3167,-47.4667,183.0
2024-01-01,26.7,23.6,29.9,2.3,,334.0,6.5,,1011.8,,82765,-7.3333,-47.4667,193.0
2024-01-01,27.2,23.4,32.8,1.5,,299.0,7.9,,1011.9,,82780,-7.0667,-41.4833,208.0
2024-01-01,25.4,21.9,29.9,6.9,,65.0,7.2,,1013.0,,82784,-7.3167,-39.3,409.0
2024-01-01,26.1,23.3,30.6,16.9,,2.0,10.9,,1012.8,,82791,-7.0167,-37.2667,249.0
2024-01-01,24.0,22.0,28.0,32.0,,65.0,10.8,,1014.2,,82795,-7.2167,-35.8833,548.0
2024-01-01,27.4,23.1,29.0,0.0,,44.0,8.5,,1012.6,,82798,-7.1,-34.8667,7.0
2024-01-01,26.4,23.0,31.4,0.8,,346.0,4.6,,1010.5,,82807,-8.1667,-70.7667,190.0
2024-01-01,25.8,23.9,31.0,7.4,,29.0,6.3,,1011.1,,82824,-8.7667,-63.9167,102.0
2024-01-01,26.5,23.9,31.3,19.6,,311.0,6.2,,1011.6,,82861,-8.25,-49.2833,157.0
2024-01-01,27.3,23.5,33.1,0.0,,297.0,5.8,,1011.4,,82863,-8.9667,-48.1833,187.0
2024-01-01,26.2,22.9,31.3,14.0,,277.0,6.1,,1011.8,,82879,-8.35,-42.25,235.0
2024-01-01,22.9,19.5,28.9,6.1,,41.0,9.3,,1014.0,,82893,-8.8833,-36.5167,823.0
2024-01-01,27.4,24.8,30.0,2.4,,44.0,10.8,,1012.0,,82899,-8.0667,-34.85,19.0
2024-01-01,28.0,25.5,31.2,,,70.0,9.6,,1012.2,,82900,-8.05,-34.9167,7.0
2024-01-01,26.3,24.3,29.7,,,353.0,5.6,,1010.7,,82915,-9.9667,-67.8,160.0
2024-01-01,26.8,23.0,31.0,7.1,,349.0,7.1,,1011.1,,82917,-10.0,-67.8,142.0
2024-01-01,27.1,24.7,32.0,3.5,,322.0,6.8,,1011.7,,82965,-9.8667,-56.1,288.0
2024-01-01,26.4,23.5,30.3,7.0,,282.0,8.7,,1011.9,,82979,-9.6333,-42.1,401.0
2024-01-01,27.7,24.9,32.4,4.4,,282.0,9.8,,1011.6,,82983,-9.3833,-40.4833,370.0
2024-01-01,28.4,24.0,34.0,4.4,,29.0,5.6,,1012.4,,82984,-9.35,-40.55,385.0
2024-01-01,29.8,25.9,36.0,9.7,,55.0,7.1,,1011.4,,82986,-9.4,-38.2167,253.0
2024-01-01,27.3,23.7,32.0,0.0,,57.0,12.0,,1012.4,,82993,-9.5167,-35.7833,117.0
2024-01-01,25.8,22.9,29.9,3.0,,296.0,6.9,,1011.6,,83064,-10.5167,-48.7167,239.0
2024-01-01,27.5,24.1,31.9,6.4,,323.0,6.6,,1011.4,,83065,-10.2833,-48.35,236.0
2024-01-01,28.1,24.0,31.0,0.0,,74.0,14.5,,1011.6,,83095,-10.9833,-37.0667,8.0
2024-01-01,28.9,26.8,30.7,0.6,,64.0,11.9,,1012.2,,83096,-10.9167,-37.05,5.0
2024-01-01,24.9,21.1,30.0,2.9,,87.0,7.5,,1014.8,,83111,-22.9833,-43.3667,3.0
2024-01-01,24.0,22.0,25.0,0.0,,88.0,22.9,,1014.9,,83117,-23.0667,-43.15,75.0
2024-01-01,26.6,23.0,32.1,2.9,,43.0,6.7,,1011.7,,83179,-11.0833,-43.1667,402.0
2024-01-01,27.0,21.9,33.2,0.8,,104.0,9.1,,1012.4,,83186,-11.1833,-40.4667,485.0
2024-01-01,29.3,23.4,36.8,0.0,,107.0,13.5,,1011.7,,83192,-11.0833,-38.5,145.0
2024-01-01,24.3,23.0,26.0,5.0,,329.0,10.9,,1012.5,,83208,-12.7,-60.1,612.0
2024-01-01,28.2,24.4,32.3,,,131.0,6.4,,1011.9,,83221,-12.2,-38.9,234.0
2024-01-01,26.1,22.6,32.6,16.7,,279.0,6.9,,1011.6,,83228,-12.0167,-48.5333,250.0
2024-01-01,24.3,21.0,32.0,3.0,,319.0,7.3,,1012.4,,83235,-12.4,-46.4333,604.0
2024-01-01,25.2,21.8,30.1,3.1,,331.0,5.7,,1012.0,,83236,-12.15,-45.0,439.0
2024-01-01,25.8,19.2,35.1,0.3,,78.0,4.1,,1009.9,,83242,-12.5667,-41.3833,439.0
2024-01-01,27.7,24.0,30.0,0.1,,67.0,15.8,,1012.2,,83248,-12.9,-38.3333,6.0
2024-01-01,24.9,21.7,29.8,17.9,,325.0,7.2,,1011.5,,83270,-13.3333,-52.5,430.0
2024-01-01,26.2,22.2,34.2,8.5,,35.0,5.9,,1011.8,,83288,-13.2667,-43.4167,440.0
2024-01-01,25.1,22.5,32.4,8.8,,333.0,8.1,,1011.1,,83309,-14.4,-56.45,286.0
2024-01-01,25.1,22.5,31.4,6.4,,322.0,6.2,,1011.6,,83319,-14.7,-52.35,315.0
2024-01-01,24.1,20.4,29.7,3.1,,21.0,9.3,,1012.2,,83332,-14.1,-46.3667,826.0
2024-01-01,24.0,18.9,28.8,10.3,,72.0,4.0,,1010.4,,83344,-14.95,-40.8833,840.0
2024-01-01,28.0,26.0,30.0,0.5,,46.0,12.2,,1012.5,,83349,-14.8167,-39.0333,4.0
2024-01-01,25.0,22.2,30.4,17.2,,345.0,8.5,,1011.1,,83358,-15.8333,-54.3833,450.0
2024-01-01,26.0,23.0,31.0,26.3,,345.0,6.3,,1011.7,,83359,-15.8667,-52.3833,350.0
2024-01-01,26.4,23.0,30.0,25.6,,275.0,11.2,,1010.1,,83362,-15.65,-56.1,187.0
2024-01-01,25.5,21.8,29.1,16.2,,290.0,5.7,,1011.1,,83368,-15.9,-52.2333,345.0
2024-01-01,22.6,20.3,25.3,,,291.0,8.2,,1009.8,,83377,-15.7833,-47.9333,1159.0
2024-01-01,23.0,21.0,27.0,9.0,,340.0,7.3,,1016.3,,83378,-15.8667,-47.9333,1061.0
2024-01-01,24.5,21.8,29.5,20.6,,109.0,4.7,,1012.3,,83384,-15.9,-46.05,519.0
2024-01-01,24.3,21.8,28.3,17.9,,31.0,8.2,,1012.4,,83386,-15.4333,-44.3667,474.0
2024-01-01,24.0,19.9,29.8,4.8,,80.0,9.9,,1014.0,,83393,-16.0,-41.2833,649.0
2024-01-01,26.8,24.9,29.8,,,344.0,9.4,,1010.6,,83410,-16.45,-54.5667,94.0
2024-01-01,22.1,19.0,27.0,4.9,,320.0,4.8,,1017.1,,83419,-16.2333,-48.9667,1137.0
2024-01-01,24.4,22.3,30.2,3.6,,291.0,5.6,,1009.4,,83423,-16.6667,-49.25,741.0
2024-01-01,24.8,21.0,30.0,2.5,,309.0,7.1,,1014.5,,83424,-16.6333,-49.2167,747.0
2024-01-01,24.3,8.3,30.5,0.3,,37.0,4.8,,1013.4,,83437,-16.7167,-43.8667,646.0
2024-01-01,26.1,23.4,33.3,19.7,,46.0,7.3,,1012.5,,83442,-16.8667,-42.0667,284.0
2024-01-01,27.2,25.6,29.4,,,58.0,10.5,,1012.9,,83460,-16.4333,-39.0667,51.0
2024-01-01,22.5,21.0,24.8,2.2,,306.0,8.4,,1009.3,,83470,-17.9167,-50.9167,727.0
2024-01-01,23.2,20.8,27.3,7.2,,89.0,6.3,,1012.8,,83479,-17.2167,-46.8667,711.0
2024-01-01,21.8,20.4,24.5,,,33.0,8.3,,1010.0,,83483,-17.3333,-44.95,505.0
2024-01-01,25.6,23.8,28.9,20.0,,201.0,8.3,,1013.1,,83498,-17.7333,-39.25,3.0
2024-01-01,21.9,20.6,24.4,,,24.0,8.4,,1009.6,,83525,-18.8833,-48.2167,943.0
2024-01-01,22.6,19.9,27.8,13.8,,64.0,5.8,,1012.8,,83526,-18.1833,-47.95,840.0
2024-01-01,21.5,20.3,23.8,,,68.0,7.9,,1010.3,,83531,-18.6,-46.5167,940.0
2024-01-01,22.6,21.1,25.7,,,126.0,7.2,,1012.0,,83543,-18.85,-41.9333,277.0
2024-01-01,24.7,22.4,27.6,1.8,,185.0,16.1,,1013.5,,83550,-18.7,-39.85,25.0
2024-01-01,27.4,25.6,30.0,10.8,,18.0,8.1,,1009.0,,83552,-19.0833,-57.5,130.0
2024-01-01,25.2,23.5,27.9,7.8,,12.0,4.5,,1011.0,,83565,-19.7,-51.1833,331.0
2024-01-01,21.7,19.7,28.0,5.1,,102.0,16.1,,1015.3,,83566,-19.6167,-43.5667,827.0
2024-01-01,22.3,20.0,25.0,10.0,,60.0,6.9,,1015.1,,83576,-19.7833,-47.9667,807.0
2024-01-01,21.4,20.1,24.1,8.9,,270.0,6.6,,1010.7,,83579,-19.5667,-46.9333,1004.0
2024-01-01,21.1,20.0,24.0,13.6,,101.0,13.5,,1016.5,,83583,-19.85,-43.95,785.0
2024-01-01,21.0,20.0,23.0,12.5,,103.0,13.0,,1016.7,,83587,-19.9333,-43.9333,850.0
2024-01-01,20.8,19.2,23.5,14.1,,117.0,14.0,,1014.2,,83588,-19.65,-43.8833,852.0
2024-01-01,21.8,19.9,24.8,13.4,,107.0,9.3,,1015.3,,83592,-19.8,-42.15,609.0
2024-01-01,26.8,24.3,29.9,,,360.0,9.1,,1010.2,,83611,-20.45,-54.6167,530.0
2024-01-01,25.3,22.6,30.0,4.5,,22.0,9.5,,1012.0,,83612,-20.4667,-54.6667,567.0
2024-01-01,27.2,24.3,30.4,,,312.0,7.5,,1010.6,,83618,-20.7833,-51.7,313.0
2024-01-01,24.4,22.3,27.2,14.6,,57.0,7.4,,1011.5,,83623,-20.4167,-49.9833,503.0
2024-01-01,20.3,18.6,23.8,8.1,,70.0,9.4,,1013.4,,83630,-20.55,-47.4333,1026.0
2024-01-01,21.8,20.2,24.0,,,119.0,7.1,,1011.4,,83635,-20.1667,-44.8667,789.0
2024-01-01,24.5,23.2,26.8,,,191.0,8.3,,1015.1,,83648,-20.3167,-40.3333,36.0
2024-01-01,23.4,23.0,25.0,8.1,,214.0,15.9,,1013.6,,83649,-20.2667,-40.2833,4.0
2024-01-01,26.3,25.2,30.0,0.0,,45.0,11.3,,1015.1,,83650,-20.5,-29.3167,5.0
2024-01-01,23.9,21.2,27.1,,,110.0,6.7,,1009.6,,83652,-21.1333,-47.7667,549.0
2024-01-01,27.1,24.0,31.5,,,350.0,9.3,,1010.1,,83659,-22.2333,-54.8167,452.0
2024-01-01,24.4,20.0,30.0,1.8,,68.0,7.4,,1013.8,,83671,-21.9833,-47.3333,597.0
2024-01-01,25.1,22.5,28.6,,,119.0,7.2,,1008.3,,83672,-21.2,-50.4333,0.0
2024-01-01,24.1,22.2,28.7,12.0,,72.0,8.7,,1011.9,,83676,-21.1333,-48.9667,536.0
2024-01-01,24.5,22.0,29.0,7.9,,85.0,8.3,,1013.0,,83679,-21.13,-47.78,549.0
2024-01-01,18.3,16.1,21.6,2.4,,58.0,14.9,,1015.5,,83681,-21.85,-46.5667,1260.0
2024-01-01,19.4,18.2,21.4,17.8,,94.0,13.0,,1015.2,,83687,-21.2333,-45.0,919.0
2024-01-01,16.2,15.0,18.0,22.3,,99.0,13.8,,1018.1,,83689,-21.25,-43.7667,1171.0
2024-01-01,18.9,17.0,21.8,23.9,,128.0,8.3,,1014.2,,83692,-21.7667,-43.35,939.0
2024-01-01,22.1,20.1,24.6,12.2,,113.0,9.8,,1015.6,,83695,-21.2,-41.8833,123.0
2024-01-01,23.0,22.0,24.0,11.1,,213.0,6.1,,1015.0,,83698,-21.75,-41.3333,11.0
2024-01-01,25.1,21.8,30.0,17.9,,42.0,11.2,,1011.5,,83703,-22.55,-55.7,657.0
2024-01-01,21.2,18.8,25.0,0.0,,35.0,10.0,,1016.0,,83708,-22.7833,-45.2,537.0
2024-01-01,27.5,21.0,34.0,0.0,,101.0,11.6,,1012.0,,83716,-22.1167,-51.3833,436.0
2024-01-01,19.8,18.1,21.1,8.9,,96.0,6.5,,1016.7,,83718,-22.0333,-42.3667,485.0
2024-01-01,24.2,22.0,27.0,0.0,,72.0,9.6,,1015.3,,83719,-22.9833,-42.0333,7.0
2024-01-01,23.8,20.0,30.0,0.0,,118.0,17.2,,1014.7,,83721,-23.0,-47.1333,661.0
2024-01-01,26.1,20.0,33.0,0.1,,134.0,12.1,,1012.5,,83722,-22.3167,-49.0667,590.0
2024-01-01,24.7,21.5,28.8,1.2,,129.0,7.8,,1009.8,,83726,-22.0167,-47.8833,856.0
2024-01-01,22.0,19.8,24.9,2.4,,71.0,13.4,,1015.4,,83738,-22.4833,-44.4667,440.0
2024-01-01,24.2,21.0,28.0,0.2,,4.0,5.0,,1014.5,,83741,-22.9333,-43.7167,3.0
2024-01-01,23.9,22.1,26.2,,,79.0,3.8,,1015.2,,83743,-22.9167,-43.1667,5.0
2024-01-01,24.0,21.9,26.0,0.0,,99.0,8.4,,1014.6,,83746,-22.8167,-43.25,6.0
2024-01-01,24.2,21.3,27.0,2.9,,92.0,8.3,,1015.2,,83748,-22.8667,-43.3667,34.0
2024-01-01,24.0,23.0,25.0,1.0,,142.0,9.4,,1014.1,,83755,-22.9,-43.1667,3.0
2024-01-01,23.7,21.0,27.0,0.0,,49.0,10.3,,1015.3,,83759,-22.8167,-42.1,10.0
2024-01-01,25.8,21.3,31.9,0.0,,124.0,7.3,,1012.1,,83766,-23.3833,-51.1833,566.0
2024-01-01,26.4,20.0,32.0,0.0,,97.0,12.1,,1012.1,,83767,-23.4167,-51.95,542.0
2024-01-01,26.8,20.0,33.0,0.0,,111.0,10.1,,1013.8,,83768,-23.3333,-51.1333,569.0
2024-01-01,25.0,20.8,30.3,,,134.0,8.6,,1009.5,,83773,-23.1,-48.9167,793.0
2024-01-01,21.0,17.0,27.3,0.1,,104.0,15.2,,1015.0,,83778,-23.4333,-46.4667,751.0
2024-01-01,21.2,18.0,24.0,0.5,,106.0,14.7,,1015.4,,83779,-23.5167,-46.6333,722.0
2024-01-01,20.4,18.0,24.1,0.0,,130.0,15.1,,1017.7,,83780,-23.6167,-46.65,803.0
2024-01-01,24.8,22.0,27.8,,,109.0,14.9,,1014.2,,83782,-23.9167,-46.3333,14.0
2024-01-01,21.2,18.8,24.0,0.1,,71.0,11.3,,1014.5,,83784,-23.0167,-45.5667,577.0
2024-01-01,23.0,16.1,29.0,0.1,,87.0,9.9,,1013.4,,83811,-24.4,-50.8333,808.0
2024-01-01,24.4,21.7,27.0,0.0,,85.0,18.8,,1014.1,,83818,-23.9333,-46.3,3.0
2024-01-01,27.3,20.9,34.0,0.0,,42.0,7.8,,1010.6,,83827,-25.5167,-54.5833,180.0
2024-01-01,21.6,16.2,28.3,0.0,,77.0,10.1,,1014.1,,83836,-25.4667,-50.6333,837.0
2024-01-01,22.8,18.5,29.2,,,115.0,7.3,,1014.5,,83837,-25.1,-50.1667,0.0
2024-01-01,19.4,16.0,25.3,2.0,,91.0,14.6,,1018.1,,83840,-25.5167,-49.1667,908.0
2024-01-01,20.4,17.8,25.0,2.8,,83.0,15.0,,1016.9,,83842,-25.4333,-49.2667,924.0
2024-01-01,23.9,20.7,28.0,2.2,,108.0,12.0,,1015.4,,83844,-25.5167,-48.5167,5.0
2024-01-01,24.4,18.7,30.9,0.6,,75.0,5.6,,1012.9,,83883,-27.1167,-52.6167,679.0
2024-01-01,21.2,17.3,27.0,,,77.0,7.1,,1015.0,,83891,-27.8167,-50.3333,937.0
2024-01-01,23.3,20.7,27.0,1.1,,335.0,10.0,,1015.0,,83899,-27.6667,-48.55,5.0
2024-01-01,21.3,18.4,26.9,,,92.0,5.3,,1015.5,,83905,-26.2167,-48.7833,4.0
2024-01-01,25.2,18.9,31.3,0.0,,116.0,11.0,,1010.9,,83907,-28.4,-55.0167,245.0
2024-01-01,23.2,17.8,30.2,0.7,,58.0,8.4,,1013.0,,83914,-28.25,-52.4,684.0
2024-01-01,19.4,14.1,25.5,0.7,,16.0,11.7,,1015.1,,83919,-28.6667,-50.4333,1048.0
2024-01-01,20.3,16.5,25.8,,,69.0,6.5,,1015.4,,83920,-28.2833,-49.9167,1402.0
2024-01-01,24.1,20.7,27.2,0.4,,52.0,24.7,,1014.8,,83925,-28.6,-48.8167,43.0
2024-01-01,24.1,22.0,25.8,3.5,,88.0,10.0,,1015.2,,83926,-26.8667,-48.6333,5.0
2024-01-01,22.9,16.4,29.7,0.0,,113.0,11.1,,1011.8,,83928,-29.7833,-57.0333,74.0
2024-01-01,22.4,15.1,29.4,0.2,,113.0,12.9,,1012.7,,83936,-29.7,-53.7,95.0
2024-01-01,23.0,15.9,30.0,0.2,,110.0,10.5,,1012.1,,83937,-29.7167,-53.7,85.0
2024-01-01,23.5,17.1,30.3,,,98.0,11.2,,1013.2,,83942,-29.1667,-51.2,759.0
2024-01-01,23.0,19.1,26.5,0.4,,25.0,20.1,,1014.9,,83948,-29.3333,-49.7333,31.0
2024-01-01,20.5,14.1,27.7,0.0,,98.0,13.6,,1014.0,,83964,-30.5333,-52.5167,428.0
2024-01-01,23.7,17.0,31.0,0.0,,116.0,15.3,,1013.1,,83967,-30.0167,-51.2167,47.0
2024-01-01,22.1,17.8,25.1,0.0,,69.0,23.8,,1015.1,,83970,-31.25,-50.9,4.0
2024-01-01,24.4,19.0,30.1,0.0,,107.0,15.3,,1013.0,,83971,-30.0,-51.1833,3.0
2024-01-01,21.5,15.1,29.0,0.0,,75.0,16.3,,1013.7,,83980,-31.3333,-54.1,242.0
2024-01-01,22.0,15.0,28.0,0.0,,81.0,14.0,,1013.5,,83981,-31.35,-54.1167,180.0
2024-01-01,21.4,14.7,27.0,0.2,,96.0,16.1,,1014.6,,83985,-31.8667,-52.35,13.0
2024-01-01,20.6,15.9,24.3,0.6,,58.0,17.0,,1015.8,,83997,-33.5167,-53.35,37.0
2024-01-01,11.3,7.3,15.1,7.5,,223.0,4.9,,1019.4,,84027,0.8167,-77.7,2950.0
2024-01-01,14.6,7.9,18.8,21.1,,188.0,5.2,,1019.9,,84036,0.6042,-77.8194,2860.0
2024-01-01,24.7,19.8,27.8,7.1,,333.0,5.4,,1012.8,,84050,0.0267,-79.3714,360.0
2024-01-01,12.1,8.5,16.2,4.3,,143.0,5.5,,1019.7,,84056,0.0333,-78.2333,2790.0
2024-01-01,,,,18.1,,,6.4,,,,84071,-0.15,-78.4833,2811.0
2024-01-01,12.1,9.5,15.7,18.1,,159.0,5.1,,1019.1,,84072,-0.1667,-78.4833,2812.0
2024-01-01,23.8,14.1,27.6,5.2,,24.0,5.4,,1011.2,,84075,-0.4,-76.6,221.0
2024-01-01,14.0,10.6,17.3,1.8,,122.0,5.3,,1018.0,,84076,-0.2294,-78.3667,2480.0
2024-01-01,12.7,7.8,17.2,31.0,,99.0,4.5,,1019.0,,84088,-0.3667,-78.55,3058.0
2024-01-01,25.4,22.4,31.0,13.9,,204.0,5.1,,1011.4,,84099,-0.45,-76.95,220.0
2024-01-01,24.3,22.1,28.1,4.4,,329.0,5.8,,1012.9,,84105,-0.4761,-79.3389,260.0
2024-01-01,12.7,9.0,18.0,5.1,,9.0,6.5,,1029.4,,84123,-0.9167,-78.6167,2785.0
2024-01-01,30.0,22.9,33.5,9.4,,13.0,4.8,,1011.2,,84132,-0.9167,-75.4,215.0
2024-01-01,25.4,23.7,28.6,14.1,,313.0,4.9,,1012.3,,84140,-1.1,-79.4667,73.0
2024-01-01,14.2,11.9,17.3,2.3,,116.0,5.5,,1018.7,,84143,-1.0181,-78.5922,2628.0
2024-01-01,15.3,12.0,20.0,5.8,,79.0,6.1,,1024.3,,84147,-1.2,-78.5667,2520.0
2024-01-01,13.1,11.5,15.9,1.3,,76.0,4.9,,1018.6,,84160,-1.25,-78.6167,2680.0
2024-01-01,21.4,18.2,25.7,3.3,,245.0,4.9,,1013.7,,84163,-1.5,-78.05,1043.0
2024-01-01,12.9,10.3,16.5,13.5,,16.0,5.1,,1019.5,,84176,-1.6333,-78.6667,2796.0
2024-01-01,22.0,18.3,28.1,3.6,,297.0,6.6,,1013.0,,84179,-1.5,-77.95,950.0
2024-01-01,26.1,23.5,30.4,2.0,,234.0,7.6,,1012.2,,84202,-2.1167,-79.6,13.0
2024-01-01,26.6,23.8,31.0,10.4,,201.0,12.0,,1011.6,,84203,-2.15,-79.8833,4.0
2024-01-01,21.0,17.5,26.0,3.0,,59.0,5.5,,1015.1,,84217,-2.2994,-78.1208,1043.0
2024-01-01,10.8,6.5,15.4,1.6,,321.0,6.5,,1019.4,,84226,-2.55,-78.9333,3120.0
2024-01-01,15.7,10.6,24.8,2.6,,109.0,6.5,,1024.5,,84239,-2.8833,-78.9833,2530.0
2024-01-01,22.3,18.8,29.0,5.5,,261.0,6.9,,1015.9,,84265,-4.0,-79.3667,1239.0
2024-01-01,16.7,14.3,20.6,14.6,,254.0,5.5,,1017.6,,84270,-4.0333,-79.2,2040.0
2024-01-01,23.9,20.4,28.8,3.6,,262.0,6.1,,1014.2,,84279,-4.3667,-79.9333,430.0
2024-01-01,26.3,23.8,31.6,10.4,,4.0,4.4,,1011.2,,84377,-3.75,-73.25,125.0
2024-01-01,26.9,23.0,32.4,1.7,,346.0,5.1,,1010.9,,84425,-5.9,-76.0833,179.0
2024-01-01,23.0,18.5,28.0,2.3,,220.0,6.4,,1012.7,,84440,-6.05,-77.15,792.0
2024-01-01,14.7,10.7,21.1,3.3,,340.0,8.8,,1021.1,,84444,-6.2167,-77.8333,2540.0
2024-01-01,23.6,21.0,27.0,0.0,,182.0,25.1,,1013.2,,84452,-6.7833,-79.8333,29.0
2024-01-01,26.3,22.0,32.2,3.5,,309.0,4.6,,1010.7,,84455,-6.45,-76.3833,281.0
2024-01-01,15.2,11.0,21.0,14.0,,228.0,5.5,,1024.5,,84472,-7.1333,-78.4667,2620.0
2024-01-01,25.1,21.3,31.0,17.7,,242.0,5.1,,1013.4,,84474,-7.2167,-76.7167,350.0
2024-01-01,21.9,20.0,24.0,0.1,,147.0,15.7,,1013.6,,84501,-8.1,-79.0333,26.0
2024-01-01,27.1,23.6,32.0,0.3,,355.0,5.7,,1010.4,,84515,-8.4167,-74.6,148.0
2024-01-01,23.1,21.0,26.0,0.0,,179.0,25.9,,1013.7,,84531,-9.1667,-78.5167,20.0
2024-01-01,24.4,20.3,31.0,4.7,,26.0,5.6,,1012.3,,84534,-9.1333,-75.95,664.0
2024-01-01,15.4,11.4,21.4,5.6,,356.0,6.1,,1018.9,,84542,-9.35,-77.6,2750.0
2024-01-01,20.0,14.5,27.8,6.5,,356.0,8.8,,1018.0,,84564,-9.9,-75.75,1859.0
2024-01-01,25.8,22.8,30.4,1.5,,308.0,6.4,,1010.2,,84593,-10.7333,-73.7833,450.0
2024-01-01,23.4,22.0,25.2,1.0,,171.0,19.1,,1014.0,,84628,-12.0,-77.1167,12.0
2024-01-01,26.8,23.0,32.0,9.3,,321.0,8.4,,1008.9,,84658,-12.6333,-69.2,265.0
2024-01-01,17.5,13.4,24.0,6.9,,192.0,6.1,,1021.8,,84673,-13.1333,-74.2167,2740.0
2024-01-01,13.4,11.0,19.0,10.2,,90.0,7.4,,1031.2,,84686,-13.55,-71.9833,3248.0
2024-01-01,11.2,8.3,15.8,10.2,,357.0,5.9,,1017.9,,84688,-13.7167,-73.35,3444.0
2024-01-01,22.5,20.0,25.0,0.0,,224.0,15.1,,1013.7,,84691,-13.75,-76.2833,8.0
2024-01-01,22.9,17.4,31.2,0.0,,175.0,14.6,,1014.0,,84720,-14.85,-74.95,567.0
2024-01-01,12.7,9.4,18.0,2.7,,238.0,6.9,,,,84735,-15.4833,-70.15,3826.0
2024-01-01,17.3,8.6,20.0,0.2,,282.0,9.7,,1025.5,,84752,-16.3167,-71.55,2538.0
2024-01-01,21.7,19.6,23.8,0.0,,145.0,13.3,,1015.1,,84761,-17.0333,-72.0167,13.0
2024-01-01,21.9,20.0,25.0,0.0,,152.0,17.1,,1014.4,,84773,-17.6833,-71.35,9.0
2024-01-01,20.3,15.5,26.0,0.0,,230.0,10.7,,1015.4,,84782,-18.0667,-70.3,468.0
2024-01-01,28.0,23.2,32.0,1.8,,342.0,7.1,,1010.4,,85041,-11.0333,-68.7833,235.0
2024-01-01,28.1,23.6,32.4,2.3,,350.0,7.0,,1010.7,,85043,-11.0,-66.1167,141.0
2024-01-01,25.4,23.1,30.0,0.0,,334.0,12.1,,1010.1,,85104,-13.0667,-64.8167,140.0
2024-01-01,26.2,23.8,29.6,3.9,,333.0,11.3,,1010.1,,85109,-13.3,-64.7,140.0
2024-01-01,25.8,23.5,29.2,1.7,,336.0,11.3,,1010.2,,85114,-13.3333,-64.1167,140.0
2024-01-01,25.1,23.4,31.2,4.3,,329.0,13.9,,1009.3,,85123,-13.7667,-65.4333,144.0
2024-01-01,25.8,22.5,34.0,4.5,,332.0,12.9,,1009.3,,85139,-14.1667,-66.9,177.0
2024-01-01,26.1,22.6,30.8,1.9,,336.0,11.8,,1009.1,,85140,-14.3167,-67.3833,140.0
2024-01-01,25.8,23.3,34.4,0.0,,3.0,10.7,,1009.0,,85141,-14.4667,-67.5667,204.0
2024-01-01,21.4,18.4,26.7,4.5,,348.0,7.7,,1012.3,,85151,-14.7333,-68.5,1415.0
2024-01-01,25.9,22.8,29.8,11.8,,331.0,11.7,,1009.1,,85152,-14.8667,-66.8667,194.0
2024-01-01,26.1,23.0,30.1,2.7,,333.0,11.7,,1009.3,,85153,-14.9167,-65.6,160.0
2024-01-01,28.9,23.0,32.0,12.4,,323.0,13.8,,1009.2,,85154,-14.8167,-64.9167,155.0
2024-01-01,25.8,19.8,32.8,47.5,,333.0,11.5,,1009.6,,85175,-15.7167,-63.1,247.0
2024-01-01,27.8,22.0,31.9,41.9,,342.0,14.6,,1010.1,,85195,-16.2667,-62.4667,534.0
2024-01-01,27.4,22.3,30.9,20.1,,338.0,8.1,,1011.6,,85196,-16.15,-62.0167,497.0
2024-01-01,10.1,7.2,16.3,0.5,,63.0,7.4,,1037.3,,85201,-16.5167,-68.1833,4058.0
2024-01-01,26.8,23.0,34.0,0.3,,327.0,12.1,,1009.8,,85207,-16.3833,-60.9667,413.0
2024-01-01,23.3,21.0,30.1,71.1,,358.0,9.3,,1009.4,,85210,-16.3333,-58.3833,124.0
2024-01-01,19.7,13.9,23.6,4.3,,340.0,7.5,,1022.6,,85223,-17.4167,-66.1833,2548.0
2024-01-01,13.5,8.2,19.3,5.1,,76.0,8.9,,,,85242,-17.9667,-67.0667,3072.0
2024-01-01,27.3,23.9,32.4,0.3,,342.0,21.4,,1008.6,,85244,-17.6333,-63.1333,373.0
2024-01-01,29.1,24.0,32.5,0.5,,316.0,20.9,,1008.0,,85245,-17.8,-63.1833,418.0
2024-01-01,29.1,21.5,37.1,0.2,,331.0,11.2,,1008.6,,85247,-17.8,-60.7333,284.0
2024-01-01,16.4,13.1,24.0,18.8,,76.0,6.5,,1012.0,,85264,-18.4667,-64.1,1998.0
2024-01-01,28.1,21.1,35.4,7.4,,359.0,11.4,,1008.8,,85268,-18.3167,-59.7667,276.0
2024-01-01,15.2,8.7,20.7,1.0,,11.0,10.1,,1013.7,,85283,-19.0167,-65.3,2904.0
2024-01-01,29.5,22.0,37.3,11.8,,38.0,10.0,,1009.0,,85289,-18.9833,-57.8167,134.0
2024-01-01,13.4,3.0,20.0,11.2,,30.0,10.6,,1029.6,,85293,-19.55,-65.7333,3935.0
2024-01-01,24.3,17.9,31.6,2.9,,169.0,6.3,,1009.5,,85312,-19.7833,-63.9167,992.0
2024-01-01,29.4,20.8,34.2,4.3,,270.0,4.8,,1009.9,,85315,-20.0,-63.5333,798.0
2024-01-01,28.1,21.2,33.9,2.2,,161.0,7.0,,1007.5,,85345,-21.25,-63.45,398.0
2024-01-01,22.9,17.2,28.1,2.3,,88.0,6.3,,1016.7,,85364,-21.55,-64.7,1854.0
2024-01-01,30.5,21.3,33.2,15.6,,328.0,4.3,,1008.4,,85365,-21.95,-63.65,645.0
2024-01-01,20.8,17.5,24.8,0.0,,234.0,18.9,,1014.8,,85406,-18.3333,-70.3333,58.0
2024-01-01,21.3,18.7,24.0,0.0,,206.0,15.8,,1014.6,,85418,-20.5333,-70.1833,52.0
2024-01-01,17.7,8.0,26.0,0.0,,243.0,26.8,,1026.8,,85432,-22.5,-68.9,0.0
2024-01-01,19.7,15.9,22.0,0.0,,200.0,16.8,,1014.9,,85442,-23.4333,-70.4333,135.0
2024-01-01,17.3,15.2,21.0,0.0,,256.0,13.2,,1015.6,,85459,-27.25,-70.77,204.0
2024-01-01,17.2,14.1,22.0,0.0,,299.0,20.2,,1015.7,,85488,-29.9,-71.2,142.0
2024-01-01,16.6,9.2,22.1,0.0,,212.0,21.3,,1016.9,,85543,-32.7833,-71.5167,8.0
2024-01-01,20.3,12.0,30.0,0.0,,182.0,22.9,38.9,1015.1,,85574,-33.3833,-70.7833,475.0
2024-01-01,20.8,13.4,29.4,0.0,,209.0,4.7,25.9,1016.2,,85577,-33.4333,-70.6833,520.0
2024-01-01,20.9,13.4,30.0,0.0,,236.0,7.2,,1016.3,,85580,-33.45,-70.55,649.0
2024-01-01,15.9,15.1,16.8,0.0,,186.0,22.8,,1021.9,,85585,-33.6667,-78.9833,30.0
2024-01-01,15.5,9.0,20.1,0.0,,253.0,14.6,,1017.4,,85586,-33.65,-71.6167,0.0
2024-01-01,20.3,11.2,30.0,0.0,,148.0,8.9,,1015.7,,85608,-34.1667,-70.7667,441.0
2024-01-01,21.0,13.0,29.8,0.0,,208.0,14.4,,1015.1,,85629,-34.9667,-71.2333,228.0
2024-01-01,19.3,8.0,30.2,0.0,,276.0,9.5,,1015.6,,85672,-36.5667,-72.0333,124.0
2024-01-01,17.1,12.0,20.6,0.0,,343.0,11.8,,1016.9,,85682,-36.7667,-73.05,12.0
2024-01-01,21.8,12.6,31.0,0.0,,188.0,22.0,,1016.0,,85703,-37.4,-72.4167,114.0
2024-01-01,16.8,10.6,27.7,0.0,,255.0,11.2,,1017.6,,85743,-38.75,-72.6333,114.0
2024-01-01,17.5,8.2,26.0,0.0,,267.0,9.2,,1017.3,,85766,-39.6167,-73.0833,19.0
2024-01-01,17.6,11.3,27.9,0.0,,188.0,13.5,,1018.2,,85782,-40.6,-73.05,65.0
2024-01-01,15.4,9.9,24.3,0.0,,198.0,13.6,,1018.5,,85799,-41.4167,-73.0833,85.0
2024-01-01,14.7,10.7,21.1,0.0,,248.0,10.7,,1018.8,,85830,-42.9167,-72.7167,3.0
2024-01-01,14.9,4.5,22.9,0.0,,216.0,16.8,,1019.4,,85831,-43.1167,-73.6333,0.0
2024-01-01,19.2,10.0,28.0,0.0,,280.0,14.3,,1016.8,,85832,-43.1892,-71.8489,317.0
2024-01-01,19.8,11.1,28.8,0.0,,247.0,8.6,,1017.1,,85836,-43.6333,-71.8,0.0
2024-01-01,17.5,8.8,24.3,0.0,,260.0,14.6,,1018.0,,85862,-45.4,-72.6667,11.0
2024-01-01,18.3,10.0,26.0,0.0,,320.0,11.5,,1015.8,,85864,-45.5833,-72.1167,310.0
2024-01-01,14.3,11.3,24.0,0.0,,285.0,31.4,,1014.8,,85874,-45.9167,-71.6833,520.0
2024-01-01,21.0,13.5,27.5,0.0,,279.0,28.1,,1012.7,,85886,-46.55,-71.7,325.0
2024-01-01,18.4,11.5,26.2,0.0,,244.0,7.7,,1015.3,,85892,-47.2333,-72.55,167.0
2024-01-01,16.2,9.7,21.1,0.0,,320.0,23.3,,1009.8,,85921,-51.7,-72.5333,70.0
2024-01-01,14.8,8.0,21.0,0.0,,315.0,27.3,,1008.4,,85934,-53.0,-70.85,37.0
2024-01-01,11.7,6.9,17.5,0.6,,332.0,8.8,,1007.0,,85967,-54.9333,-67.6333,0.0
2024-01-01,9.4,6.3,12.6,,,295.0,23.9,,1004.4,,85972,-56.6,-68.7167,42.0
2024-01-01,27.7,24.4,32.9,14.8,,24.0,10.2,,1008.5,,86033,-20.2167,-58.1667,92.0
2024-01-01,28.8,24.2,36.4,2.9,,35.0,8.1,,1007.2,,86068,-22.0167,-60.6,172.0
2024-01-01,26.8,24.0,32.0,6.1,,39.0,9.2,,1008.5,,86086,-22.2833,-57.8667,88.0
2024-01-01,26.3,21.0,33.0,25.5,,37.0,9.7,,1010.9,,86097,-22.5833,-55.65,614.0
2024-01-01,30.1,21.4,34.6,8.6,,33.0,9.4,,1008.2,,86128,-23.5,-58.7833,100.0
2024-01-01,28.7,24.8,35.0,9.5,,25.0,12.2,,1008.2,,86134,-23.4167,-57.3,74.0
2024-01-01,28.6,23.6,33.6,2.6,,57.0,9.5,,1008.5,,86170,-24.75,-58.8333,92.0
2024-01-01,26.7,22.6,32.8,3.5,,48.0,9.4,,1008.8,,86185,-24.0833,-57.0833,80.0
2024-01-01,29.9,22.0,38.4,1.5,,56.0,9.4,,1009.4,,86192,-24.65,-56.4333,0.0
2024-01-01,26.5,23.2,30.3,0.1,,29.0,9.4,,1010.3,,86210,-24.05,-54.3167,300.0
2024-01-01,27.9,23.8,34.6,1.6,,82.0,10.4,,1009.3,,86218,-25.2667,-57.6333,101.0
2024-01-01,26.7,19.8,32.6,1.5,,61.0,8.2,,1009.4,,86221,-25.6333,-57.1333,116.0
2024-01-01,26.9,22.4,31.9,5.2,,64.0,8.9,,1009.6,,86233,-25.75,-56.4333,161.0
2024-01-01,28.2,23.2,33.5,1.2,,53.0,8.4,,1009.4,,86234,-25.45,-56.3667,0.0
2024-01-01,27.9,22.0,32.0,0.9,,103.0,9.1,,1009.3,,86255,-26.85,-58.3167,59.0
2024-01-01,26.8,20.0,32.7,0.2,,100.0,8.5,,1009.6,,86260,-26.6667,-57.15,126.0
2024-01-01,29.6,21.0,36.5,2.3,,91.0,6.9,,1009.5,,86268,-26.1833,-56.35,0.0
2024-01-01,28.6,21.7,35.5,0.0,,56.0,7.0,,1010.1,,86285,-26.9333,-55.2,0.0
2024-01-01,26.7,21.3,32.6,0.0,,91.0,6.3,,1010.7,,86297,-27.3167,-55.8333,91.0
2024-01-01,22.6,16.5,29.5,0.0,,113.0,13.0,,1012.2,,86330,-30.3833,-56.5,123.0
2024-01-01,21.6,15.5,27.3,0.0,,93.0,12.3,,1013.2,,86350,-30.8833,-55.5333,205.0
2024-01-01,22.3,16.1,28.0,0.0,,132.0,8.7,,1012.3,,86360,-31.3833,-57.95,34.0
2024-01-01,20.8,14.1,26.7,0.0,,115.0,10.6,,1013.8,,86370,-31.7,-55.9833,134.0
2024-01-01,23.0,18.0,29.2,0.0,,64.0,12.6,,1012.6,,86430,-32.3333,-58.0333,61.0
2024-01-01,24.4,12.7,25.6,0.0,,93.0,12.1,,1014.9,,86440,-32.3667,-54.2167,100.0
2024-01-01,22.1,17.5,27.0,0.0,,72.0,16.5,,1013.4,,86460,-32.8,-56.5167,75.0
2024-01-01,23.8,18.5,29.5,0.0,,51.0,8.6,,1012.9,,86490,-33.25,-58.0667,22.0
2024-01-01,20.2,14.1,25.5,0.0,,63.0,13.5,,1015.2,,86500,-33.2167,-54.3833,46.0
2024-01-01,21.2,14.2,27.5,1.0,,64.0,11.5,,1014.1,,86530,-33.35,-56.5,93.0
2024-01-01,21.1,13.0,28.2,2.8,,56.0,13.3,,1014.4,,86545,-34.0667,-56.2333,97.0
2024-01-01,23.0,18.8,27.0,3.7,,94.0,16.1,,1013.2,,86560,-34.45,-57.8333,23.0
2024-01-01,18.8,10.0,25.6,0.0,,61.0,10.9,,1015.9,,86565,-34.4833,-54.3,18.0
2024-01-01,20.8,16.2,26.7,0.4,,65.0,17.3,,1014.6,,86575,-34.7833,-56.25,53.0
2024-01-01,20.3,16.0,25.5,0.2,,65.0,15.3,,1014.9,,86580,-34.8333,-56.0,32.0
2024-01-01,21.2,16.3,26.3,0.4,,63.0,12.6,,1014.5,,86585,-34.85,-56.2,16.0
2024-01-01,20.5,16.8,25.2,0.0,,53.0,21.8,,1015.4,,86586,-34.86,-55.0967,28.0
2024-01-01,26.5,23.5,32.7,1.5,,250.0,4.0,,1011.3,,86607,-10.1908,-48.3019,280.0
2024-01-01,24.8,22.2,27.9,3.8,,327.0,6.1,,1012.3,,86609,-10.7231,-43.6511,502.0
2024-01-01,24.7,22.0,29.5,5.5,,8.0,5.0,,1012.4,,86610,-10.4553,-41.2072,637.0
2024-01-01,27.2,22.7,32.6,2.2,,132.0,7.8,,1011.2,,86611,-10.4442,-40.1469,548.0
2024-01-01,29.6,24.0,36.5,0.0,,106.0,12.1,,1011.0,,86612,-10.9847,-39.6169,315.0
2024-01-01,29.2,22.7,36.2,0.0,,99.0,9.7,,1011.2,,86613,-10.5367,-38.9978,432.0
2024-01-01,27.7,22.1,35.0,0.0,,91.0,14.7,,1012.2,,86614,-10.7375,-38.1078,362.0
2024-01-01,28.0,23.0,34.9,0.0,,104.0,13.2,,1012.2,,86615,-10.3989,-37.7467,308.0
2024-01-01,27.6,25.2,30.0,7.6,,70.0,9.3,,1012.2,,86616,-10.95,-57.05,5.0
2024-01-01,27.5,22.1,33.0,0.3,,71.0,6.9,,1012.7,,86618,-10.4733,-36.4819,10.0
2024-01-01,27.8,24.5,32.7,1.3,,74.0,7.5,,1012.5,,86619,-10.1286,-36.2864,74.0
2024-01-01,25.6,24.0,27.6,4.9,,340.0,4.5,,1010.6,,86622,-11.4458,-61.4342,210.0
2024-01-01,26.1,22.8,31.3,2.7,,301.0,8.2,,1011.3,,86625,-11.2803,-57.5267,260.0
2024-01-01,24.6,22.1,28.2,3.8,,301.0,4.6,,1011.5,,86626,-11.9822,-55.5658,371.0
2024-01-01,26.0,23.4,29.5,11.9,,289.0,7.1,,1011.4,,86628,-11.6189,-50.7278,218.0
2024-01-01,26.2,24.2,32.5,11.4,,43.0,6.0,,1011.2,,86629,-11.8872,-49.6083,220.0
2024-01-01,25.7,23.1,31.5,12.3,,342.0,4.9,,1010.8,,86630,-11.7458,-49.0497,287.0
2024-01-01,24.7,21.1,30.7,6.8,,347.0,2.5,,1011.8,,86632,-11.5942,-46.8472,732.0
2024-01-01,26.7,22.1,33.2,3.9,,35.0,5.1,,1011.5,,86634,-11.0847,-43.1392,403.0
2024-01-01,24.2,21.6,28.5,5.2,,103.0,7.1,,1012.6,,86635,-11.3289,-41.8647,755.0
2024-01-01,27.8,23.1,34.2,0.0,,98.0,9.8,,1012.0,,86637,-11.6647,-39.0231,339.0
2024-01-01,26.9,23.2,32.0,0.4,,62.0,8.8,,1012.1,,86638,-11.2725,-37.7947,208.0
2024-01-01,27.2,22.2,31.0,0.0,,80.0,10.5,,1011.5,,86639,-11.8117,-37.6161,14.0
2024-01-01,23.3,22.2,25.7,2.7,,332.0,4.6,,1012.1,,86642,-12.7347,-60.1578,590.0
2024-01-01,25.3,22.6,29.1,7.3,,300.0,6.7,,1011.5,,86645,-12.5453,-55.7114,380.0
2024-01-01,25.0,23.2,28.7,7.8,,243.0,4.2,,1011.5,,86647,-12.6272,-52.2208,382.0
2024-01-01,25.8,23.1,31.0,3.3,,8.0,2.3,,1011.2,,86652,-12.15,-45.0,470.0
2024-01-01,26.9,22.8,34.0,5.7,,351.0,6.7,,1011.5,,86653,-12.1931,-43.2133,430.0
2024-01-01,28.7,24.2,35.5,0.3,,167.0,4.1,,1010.7,,86654,-12.5603,-41.3889,439.0
2024-01-01,29.4,23.7,36.5,0.2,,109.0,12.4,,1012.5,,86655,-12.1167,-40.35,380.0
2024-01-01,29.5,24.5,36.7,0.2,,91.0,10.3,,1011.6,,86656,-12.5167,-40.2833,250.0
2024-01-01,26.2,21.7,32.2,0.0,,95.0,11.0,,1012.6,,86657,-12.6667,-39.15,226.0
2024-01-01,27.8,23.7,33.5,0.0,,86.0,9.5,,1012.3,,86658,-12.1981,-38.9678,231.0
2024-01-01,23.8,21.5,28.7,6.5,,318.0,10.9,,1012.5,,86661,-13.7086,-59.7628,591.0
2024-01-01,24.5,22.5,28.7,8.1,,14.0,6.8,,1010.6,,86662,-13.7833,-57.8333,570.0
2024-01-01,26.3,23.7,32.2,8.6,,324.0,4.5,,1010.8,,86663,-13.0386,-57.0922,353.0
2024-01-01,20.5,16.2,25.3,12.1,,330.0,7.7,,1012.1,,86670,-13.2481,-46.8897,1253.0
2024-01-01,25.4,23.1,31.5,5.2,,327.0,4.6,,1011.6,,86671,-13.3322,-44.6175,549.0
2024-01-01,26.8,23.2,34.2,10.5,,26.0,1.8,,1011.4,,86672,-13.2667,-43.4172,440.0
2024-01-01,20.9,17.7,26.2,10.5,,41.0,7.4,,1014.4,,86673,-13.1558,-41.7739,1290.0
2024-01-01,24.7,19.8,32.0,0.8,,70.0,11.4,,1013.5,,86674,-13.5281,-40.1197,756.0
2024-01-01,24.6,21.5,28.1,0.0,,73.0,5.0,,1014.2,,86675,-13.0094,-39.6169,407.0
2024-01-01,26.9,23.5,32.1,,,44.0,5.7,,1013.1,,86676,-13.3436,-39.1267,105.0
2024-01-01,27.4,25.0,30.5,0.3,,55.0,18.0,,1012.5,,86677,-13.9072,-38.9722,10.0
2024-01-01,28.1,24.7,32.7,0.0,,65.0,4.4,,1012.0,,86678,-13.0053,-38.5058,51.0
2024-01-01,25.6,23.0,30.7,8.1,,122.0,8.6,,1010.9,,86682,-14.65,-57.4317,322.0
2024-01-01,24.2,23.0,29.2,3.4,,323.0,2.8,,1011.3,,86684,-14.4214,-54.0353,474.0
2024-01-01,24.7,21.2,28.2,4.7,,301.0,9.4,,1011.2,,86686,-14.0161,-52.2122,432.0
2024-01-01,25.1,21.2,29.2,3.6,,317.0,6.6,,1011.7,,86689,-14.9803,-49.5394,522.0
2024-01-01,21.3,17.7,27.0,11.3,,332.0,2.7,,1014.1,,86691,-14.1331,-47.5231,1260.0
2024-01-01,25.1,22.5,29.5,3.1,,351.0,6.2,,1011.8,,86692,-14.0892,-46.3664,834.0
2024-01-01,26.0,23.1,32.7,20.1,,84.0,5.8,,1011.3,,86693,-14.4081,-44.4042,512.0
2024-01-01,25.6,22.0,30.2,15.6,,76.0,9.0,,1012.6,,86694,-14.2081,-42.7481,551.0
2024-01-01,25.2,21.1,31.1,6.8,,99.0,9.1,,1011.4,,86695,-14.9122,-42.8083,570.0
2024-01-01,27.1,24.2,34.2,18.3,,48.0,5.5,,1012.0,,86696,-14.1817,-41.6722,470.0
2024-01-01,23.1,18.7,28.7,3.9,,65.0,5.8,,1013.7,,86697,-14.8861,-40.8011,876.0
2024-01-01,27.3,21.7,32.7,0.8,,85.0,8.8,,1012.7,,86698,-14.1714,-39.6925,125.0
2024-01-01,25.8,21.5,30.7,0.5,,45.0,7.0,,1012.4,,86699,-14.65,-39.1667,78.0
2024-01-01,26.5,23.7,33.0,10.3,,345.0,4.1,,1010.3,,86703,-15.1247,-58.1275,303.0
2024-01-01,27.0,25.0,33.5,11.2,,40.0,4.2,,1010.4,,86704,-15.3247,-57.2264,145.0
2024-01-01,27.7,25.4,30.7,22.5,,358.0,7.1,,1015.0,,86705,-15.6167,-56.1,151.0
2024-01-01,25.6,21.8,29.1,10.4,,272.0,6.1,,1011.1,,86709,-15.9058,-52.2439,347.0
2024-01-01,25.0,21.5,29.5,2.3,,7.0,6.7,,1011.9,,86712,-15.9392,-50.1414,512.0
2024-01-01,24.3,21.4,27.6,4.3,,346.0,3.8,,1011.4,,86713,-15.2203,-48.9903,667.0
2024-01-01,21.8,19.6,26.2,6.9,,323.0,6.1,,1013.0,,86715,-15.7894,-47.9256,1160.0
2024-01-01,23.2,18.7,28.0,11.4,,326.0,5.5,,1012.1,,86716,-15.5964,-47.6258,1200.0
2024-01-01,22.6,19.5,27.2,20.0,,240.0,4.8,,1009.2,,86718,-15.5242,-46.4356,894.0
2024-01-01,23.4,21.0,27.5,10.5,,27.0,8.3,,1012.2,,86719,-15.3006,-45.6172,880.0
2024-01-01,24.8,22.0,30.5,16.0,,55.0,3.0,,1011.6,,86720,-15.0861,-44.0161,460.0
2024-01-01,22.4,20.0,28.5,19.2,,53.0,5.2,,1013.5,,86721,-15.7225,-42.4356,853.0
2024-01-01,24.4,20.0,31.6,5.9,,50.0,7.5,,1012.3,,86722,-15.7544,-41.4578,750.0
2024-01-01,28.0,23.0,34.7,4.5,,62.0,11.1,,1011.7,,86723,-15.2447,-40.2294,269.0
2024-01-01,26.1,23.1,31.8,22.7,,12.0,7.9,,1010.4,,86728,-16.45,-54.5667,284.0
2024-01-01,25.4,23.5,29.2,15.6,,351.0,0.2,,1011.6,,86729,-16.3417,-53.7661,526.0
2024-01-01,23.4,21.2,28.1,17.7,,284.0,3.5,,1012.0,,86730,-16.9667,-51.8175,737.0
2024-01-01,24.4,22.1,28.2,2.4,,296.0,2.1,,1011.5,,86732,-16.9625,-50.4253,678.0
2024-01-01,24.8,21.1,31.2,2.5,,328.0,3.0,,1011.2,,86734,-16.6428,-49.22,770.0
2024-01-01,23.0,19.0,29.2,8.3,,48.0,5.4,,1012.5,,86735,-16.6769,-48.6181,949.0
2024-01-01,23.3,20.5,28.7,3.2,,347.0,6.2,,1012.1,,86736,-16.2633,-47.9664,958.0
2024-01-01,21.5,18.6,25.5,26.5,,242.0,6.4,,1013.0,,86737,-16.7881,-47.6117,1202.0
2024-01-01,24.0,21.5,28.0,12.1,,201.0,4.4,,1011.8,,86738,-16.5539,-46.8819,631.0
2024-01-01,25.1,22.7,30.0,10.4,,169.0,1.9,,1011.7,,86739,-16.3622,-45.1236,460.0
2024-01-01,24.3,21.0,29.1,6.9,,25.0,4.7,,1012.2,,86740,-16.7167,-43.8667,646.0
2024-01-01,26.3,22.7,33.7,14.7,,13.0,4.7,,1011.8,,86741,-16.1606,-42.3097,495.0
2024-01-01,28.1,22.6,33.0,24.5,,89.0,6.1,,1011.9,,86742,-16.5756,-41.4858,266.0
2024-01-01,30.1,24.7,35.2,10.3,,83.0,8.5,,1012.2,,86743,-16.1667,-40.6875,208.0
2024-01-01,26.0,21.6,31.5,4.0,,62.0,5.3,,1012.9,,86744,-16.0881,-39.2156,88.0
2024-01-01,25.6,22.9,30.7,6.3,,104.0,7.7,,1013.1,,86745,-16.3892,-39.1825,85.0
2024-01-01,22.7,20.7,28.0,8.9,,40.0,7.7,,1012.1,,86750,-17.8156,-53.2875,875.0
2024-01-01,23.1,21.1,26.5,12.6,,285.0,6.0,,1012.0,,86751,-17.5725,-52.5953,706.0
2024-01-01,24.2,21.7,28.7,4.1,,326.0,4.2,,1011.8,,86752,-17.9239,-51.7178,582.0
2024-01-01,23.3,20.7,27.1,1.5,,243.0,3.7,,1012.3,,86753,-17.7856,-50.9647,782.0
2024-01-01,23.9,21.6,28.5,3.4,,25.0,3.3,,1012.0,,86755,-17.7167,-49.1,771.0
2024-01-01,23.6,20.2,26.7,4.6,,352.0,3.9,,1012.4,,86756,-17.3075,-48.2831,752.0
2024-01-01,22.2,19.0,26.7,21.5,,29.0,2.6,,1013.3,,86757,-17.5614,-47.1992,1000.0
2024-01-01,22.0,20.2,24.6,13.4,,1.0,0.1,,1013.0,,86758,-17.7844,-46.1194,870.0
2024-01-01,24.8,22.6,30.0,21.7,,83.0,4.8,,1011.9,,86759,-17.2581,-44.8356,503.0
2024-01-01,21.5,19.7,25.2,12.2,,104.0,7.6,,1013.8,,86761,-17.7053,-42.3892,932.0
2024-01-01,23.8,21.5,28.2,4.5,,50.0,5.5,,1013.5,,86762,-17.8928,-41.5153,475.0
2024-01-01,25.1,22.7,30.6,18.2,,154.0,9.5,,1013.5,,86763,-17.7997,-40.25,208.0
2024-01-01,25.4,23.7,28.7,20.0,,162.0,5.4,,1013.0,,86764,-17.7333,-39.25,3.0
2024-01-01,27.7,25.5,30.7,18.2,,51.0,6.8,,1008.1,,86767,-18.9967,-57.6375,126.0
2024-01-01,26.8,24.6,32.2,17.5,,24.0,9.0,,1009.4,,86768,-18.9889,-56.6231,104.0
2024-01-01,23.5,20.7,27.5,5.0,,221.0,5.4,,1011.7,,86772,-18.8022,-52.6028,818.0
2024-01-01,25.0,23.0,28.2,20.7,,79.0,5.7,,1011.1,,86773,-18.9697,-50.6289,489.0
2024-01-01,24.2,23.0,27.5,22.3,,354.0,2.8,,1011.4,,86774,-18.4097,-49.1919,488.0
2024-01-01,24.5,22.1,28.6,10.5,,121.0,3.8,,1011.5,,86775,-18.9528,-49.5253,560.0
2024-01-01,23.3,21.0,27.2,12.3,,49.0,3.7,,1012.3,,86776,-18.9167,-48.25,869.0
2024-01-01,23.1,20.5,27.2,17.3,,70.0,4.3,,1012.5,,86777,-18.1578,-47.9264,890.0
2024-01-01,21.3,19.6,26.0,11.6,,28.0,2.1,,1013.3,,86778,-18.9967,-46.9856,963.0
2024-01-01,21.6,20.6,23.6,9.1,,182.0,7.4,,1013.7,,86779,-18.2003,-45.46,921.0
2024-01-01,22.3,20.1,26.7,22.7,,124.0,7.4,,1013.3,,86780,-18.7478,-44.4536,670.0
2024-01-01,18.7,17.7,21.2,15.5,,76.0,7.3,,1016.0,,86781,-18.2308,-43.6478,1356.0
2024-01-01,20.5,19.7,22.0,11.3,,107.0,8.0,,1014.2,,86782,-18.7867,-42.9431,860.0
2024-01-01,23.6,22.7,24.5,3.9,,202.0,4.6,,1012.7,,86783,-18.7906,-41.9864,263.0
2024-01-01,25.0,23.2,27.5,2.5,,75.0,1.9,,1012.9,,86784,-18.7808,-40.9864,270.0
2024-01-01,24.4,22.0,27.7,6.1,,161.0,16.4,,1014.0,,86785,-18.6953,-40.3908,154.0
2024-01-01,25.3,23.2,29.2,2.1,,210.0,9.1,,1012.5,,86786,-18.7139,-39.8483,39.0
2024-01-01,23.7,21.7,27.0,7.7,,38.0,4.2,,1010.8,,86789,-19.4203,-54.5531,647.0
2024-01-01,25.3,22.2,29.7,3.8,,243.0,3.0,,1011.1,,86791,-19.1225,-51.7208,516.0
2024-01-01,26.4,23.1,31.1,7.8,,32.0,4.6,,1011.0,,86792,-19.6953,-51.1814,424.0
2024-01-01,23.8,22.6,27.2,9.6,,47.0,3.3,,1011.6,,86793,-19.5347,-49.5286,547.0
2024-01-01,24.1,21.6,27.7,7.7,,13.0,2.5,,1011.7,,86794,-19.9858,-48.1525,568.0
2024-01-01,21.4,20.0,23.7,10.5,,34.0,4.0,,1012.9,,86795,-19.8753,-47.4342,912.0
2024-01-01,21.2,20.1,25.6,9.4,,85.0,6.9,,1013.4,,86796,-19.6,-46.9333,1020.0
2024-01-01,21.1,19.7,24.1,12.0,,99.0,4.7,,1014.1,,86798,-19.8853,-44.4169,742.0
2024-01-01,19.9,18.8,21.0,16.3,,95.0,13.8,,1015.0,,86800,-19.8839,-43.9694,869.0
2024-01-01,24.4,23.2,26.2,7.3,,357.0,0.9,,1014.6,,86801,-19.5833,-42.6333,333.0
2024-01-01,23.1,21.2,24.5,17.3,,127.0,2.6,,1014.5,,86802,-19.7358,-42.1372,615.0
2024-01-01,22.4,21.2,23.0,8.8,,110.0,8.0,,1012.5,,86803,-19.5033,-41.0647,193.0
2024-01-01,17.5,15.7,20.0,5.1,,156.0,17.1,,1016.3,,86804,-19.9886,-40.5794,988.0
2024-01-01,24.3,23.5,26.0,8.8,,186.0,13.2,,1013.9,,86805,-19.3567,-40.0686,40.0
2024-01-01,27.1,24.2,32.2,11.6,,2.0,2.7,,1009.1,,86807,-20.3956,-56.4317,140.0
2024-01-01,26.8,24.0,33.7,8.6,,0.0,1.8,,1009.2,,86808,-20.4756,-55.7839,155.0
2024-01-01,24.9,22.7,31.2,21.3,,329.0,4.5,,1010.2,,86809,-20.9817,-54.9719,464.0
2024-01-01,24.7,22.1,30.0,8.0,,21.0,6.4,,1010.2,,86810,-20.45,-54.6167,530.0
2024-01-01,27.5,23.2,33.0,0.3,,141.0,2.7,,1009.8,,86812,-20.4239,-52.88,338.0
2024-01-01,27.8,23.2,33.2,5.8,,56.0,3.9,,1010.9,,86813,-20.7833,-51.7,313.0
2024-01-01,24.4,22.3,27.2,15.8,,62.0,7.4,,1011.5,,86815,-20.4236,-49.9653,486.0
2024-01-01,21.2,19.7,24.5,8.1,,177.0,3.3,,1013.6,,86818,-20.5844,-47.3825,1026.0
2024-01-01,22.5,20.7,26.0,6.0,,106.0,6.9,,1012.7,,86819,-20.7453,-46.6339,784.0
2024-01-01,21.2,19.6,24.7,17.1,,95.0,6.1,,1013.3,,86820,-20.4547,-45.4539,878.0
2024-01-01,18.2,17.4,19.2,18.9,,89.0,13.6,,1015.3,,86821,-20.0314,-44.0111,1208.0
2024-01-01,17.4,16.2,18.7,26.9,,126.0,11.0,,1016.1,,86823,-20.5567,-43.7561,1061.0
2024-01-01,18.7,17.6,19.6,18.0,,265.0,1.2,,1015.5,,86824,-20.7667,-42.8667,712.0
2024-01-01,18.8,17.7,19.7,8.2,,157.0,5.7,,1015.5,,86825,-20.2636,-42.1828,836.0
2024-01-01,21.9,21.1,23.5,6.8,,154.0,2.8,,1016.3,,86828,-20.7506,-41.4889,138.0
2024-01-01,22.9,20.5,25.9,13.2,,215.0,10.5,,1015.9,,86829,-20.6364,-40.7414,35.0
2024-01-01,23.5,22.2,25.5,8.5,,202.0,4.3,,1015.2,,86830,-20.3156,-40.3172,9.0
2024-01-01,28.5,25.0,35.1,9.9,,345.0,2.7,,1007.6,,86833,-21.7058,-57.5533,85.0
2024-01-01,26.3,22.5,32.2,41.5,,60.0,7.4,,1007.7,,86834,-21.6092,-55.1778,401.0
2024-01-01,27.4,22.7,33.2,1.3,,75.0,6.1,,1010.6,,86838,-21.3192,-50.9303,374.0
2024-01-01,25.7,23.2,29.8,11.5,,85.0,9.2,,1011.2,,86839,-21.0856,-49.9203,405.0
2024-01-01,26.5,21.6,32.2,0.7,,118.0,6.3,,1011.4,,86840,-21.6656,-49.7344,459.0
2024-01-01,24.9,22.1,30.6,9.8,,3.0,5.1,,1011.2,,86841,-21.1328,-48.8403,525.0
2024-01-01,24.4,21.0,28.7,9.9,,226.0,4.6,,1011.7,,86842,-21.3383,-48.1139,544.0
2024-01-01,24.9,19.7,31.2,0.6,,119.0,4.9,,1011.6,,86843,-21.8556,-48.8,492.0
2024-01-01,22.3,19.5,27.1,1.2,,282.0,4.9,,1014.4,,86845,-21.98,-47.8836,863.0
2024-01-01,20.1,18.2,23.5,1.7,,64.0,2.9,,1014.7,,86846,-21.9178,-46.3828,1150.0
2024-01-01,20.4,18.1,23.7,12.2,,96.0,6.9,,1014.5,,86848,-21.5667,-45.4044,925.0
2024-01-01,18.2,16.7,19.8,17.7,,94.0,11.4,,1016.0,,86849,-21.1061,-44.2506,991.0
2024-01-01,16.2,14.7,18.5,20.8,,97.0,13.9,,1018.7,,86850,-21.2167,-43.7667,1155.0
2024-01-01,16.9,15.6,17.8,23.9,,77.0,8.4,,1016.8,,86851,-21.77,-43.3642,950.0
2024-01-01,21.9,20.1,23.2,5.0,,226.0,11.0,,1014.6,,86853,-21.1011,-41.0389,80.0
2024-01-01,21.8,20.7,23.0,17.8,,29.0,2.7,,1015.0,,86854,-21.5875,-41.9583,35.0
2024-01-01,22.9,21.3,25.8,12.6,,173.0,6.4,,1015.5,,86855,-21.7147,-41.3442,25.0
2024-01-01,24.8,20.5,31.0,14.9,,43.0,10.1,,1010.2,,86857,-22.5333,-55.5333,650.0
2024-01-01,26.1,21.5,31.7,16.3,,172.0,7.2,,1009.9,,86858,-22.1939,-54.9114,469.0
2024-01-01,25.9,22.2,33.2,15.4,,262.0,6.2,,1010.1,,86859,-22.8572,-54.6056,379.0
2024-01-01,26.8,23.0,33.5,2.7,,5.0,7.8,,1009.7,,86860,-22.3,-53.8167,373.0
2024-01-01,27.4,23.2,32.5,0.5,,238.0,9.0,,1010.1,,86861,-22.6394,-52.8903,362.0
2024-01-01,27.5,22.0,33.7,0.1,,78.0,13.1,,1010.2,,86862,-22.6581,-52.1344,311.0
2024-01-01,27.5,21.2,33.2,0.0,,97.0,6.1,,1010.1,,86863,-22.1167,-51.4,436.0
2024-01-01,26.6,20.2,34.0,0.0,,149.0,5.8,,1010.9,,86864,-22.3725,-50.9742,350.0
2024-01-01,24.9,19.0,31.7,0.1,,109.0,5.7,,1012.2,,86865,-22.3167,-49.0667,550.0
2024-01-01,25.8,20.2,32.7,0.1,,133.0,13.2,,1019.2,,86866,-22.9486,-49.8942,448.0
2024-01-01,25.7,20.5,32.0,0.0,,111.0,13.0,,1012.0,,86867,-22.4708,-48.5569,543.0
2024-01-01,25.0,20.0,31.2,0.0,,172.0,10.1,,1012.2,,86868,-22.7028,-47.4564,571.0
2024-01-01,17.0,14.5,21.5,5.4,,76.0,4.8,,1016.4,,86870,-22.8617,-46.0431,660.0
2024-01-01,18.3,16.7,21.0,4.4,,0.0,0.0,,1016.4,,86871,-22.3142,-45.3731,1276.0
2024-01-01,16.5,13.7,22.0,2.1,,347.0,5.6,,1016.2,,86872,-22.75,-45.6039,1580.0
2024-01-01,18.2,16.2,21.6,5.0,,184.0,7.1,,1014.1,,86873,-22.3961,-44.9617,1040.0
2024-01-01,20.7,18.7,22.5,3.6,,77.0,7.4,,1015.8,,86874,-22.4511,-44.4447,452.0
2024-01-01,23.3,21.4,25.6,0.4,,207.0,8.3,,1015.3,,86877,-22.5833,-43.2667,33.0
2024-01-01,25.4,22.3,29.3,0.0,,67.0,8.5,,1014.7,,86878,-22.8,-43.6833,34.0
2024-01-01,19.1,17.1,21.9,0.2,,89.0,23.7,,1015.1,,86887,-22.9883,-43.1906,980.0
2024-01-01,17.1,15.0,19.0,5.2,,85.0,4.9,,1017.2,,86888,-22.4489,-42.9872,980.0
2024-01-01,17.2,14.5,19.6,4.8,,91.0,7.5,,1017.4,,86889,-22.3331,-42.6772,1046.0
2024-01-01,23.0,21.3,26.2,12.0,,126.0,9.5,,1015.5,,86890,-22.0417,-41.0519,4.0
2024-01-01,24.2,22.5,27.2,0.0,,71.0,9.8,,1016.2,,86892,-22.9761,-42.0214,4.0
2024-01-01,26.0,21.6,35.0,12.4,,45.0,8.0,,1009.6,,86894,-23.0025,-55.3294,431.0
2024-01-01,24.1,20.6,32.2,8.9,,5.0,0.2,,1010.1,,86895,-23.9669,-55.0242,402.0
2024-01-01,25.9,21.7,32.0,4.6,,187.0,5.9,,1010.0,,86896,-23.4494,-54.1817,336.0
2024-01-01,26.6,23.2,31.2,0.9,,52.0,10.4,,1010.4,,86897,-23.3903,-53.6597,385.0
2024-01-01,27.2,21.7,33.0,0.0,,353.0,8.3,,1010.4,,86898,-23.3592,-52.9319,381.0
2024-01-01,24.4,18.2,30.7,0.0,,125.0,15.0,,1012.5,,86901,-23.4153,-50.5778,668.0
2024-01-01,23.8,18.0,29.7,0.0,,275.0,12.9,,1012.5,,86902,-23.7731,-50.1806,930.0
2024-01-01,24.5,18.3,31.2,0.0,,95.0,14.9,,1012.7,,86903,-23.5053,-49.9464,522.0
2024-01-01,22.7,18.0,29.0,0.0,,237.0,12.4,,1013.3,,86904,-23.0997,-48.9456,725.0
2024-01-01,22.6,17.7,29.7,0.0,,120.0,13.5,,1013.9,,86905,-23.9814,-48.8853,707.0
2024-01-01,22.5,17.6,29.3,0.0,,129.0,14.7,,1014.4,,86906,-23.8517,-48.1644,644.0
2024-01-01,23.3,18.2,29.5,0.0,,98.0,2.8,,1013.7,,86907,-23.4256,-47.5853,609.0
2024-01-01,21.5,17.3,27.7,0.5,,111.0,16.3,,1015.0,,86910,-23.4964,-46.62,792.0
2024-01-01,21.2,18.5,24.7,0.7,,55.0,12.0,,1015.3,,86911,-23.0419,-45.5203,571.0
2024-01-01,24.2,22.3,27.2,2.7,,8.0,10.2,,1015.2,,86913,-23.2233,-44.7267,4.0
2024-01-01,24.6,22.4,27.1,1.8,,92.0,23.4,,1014.9,,86914,-23.05,-43.6,10.0
2024-01-01,25.6,21.7,30.9,0.1,,55.0,11.4,,1010.8,,86916,-24.5358,-54.0197,392.0
2024-01-01,24.4,18.2,29.9,0.0,,95.0,10.2,,1011.9,,86919,-24.4372,-51.9631,654.0
2024-01-01,20.8,16.0,27.3,0.0,,76.0,14.6,,1015.0,,86921,-24.7894,-49.9997,1007.0
2024-01-01,20.3,17.1,27.0,4.0,,263.0,3.2,,1016.2,,86922,-24.9631,-48.4164,667.0
2024-01-01,25.7,23.5,28.7,0.3,,80.0,10.1,,1014.2,,86923,-24.6717,-47.5461,3.0
2024-01-01,27.0,20.7,33.7,0.0,,177.0,6.6,,1009.7,,86925,-25.6017,-54.4842,231.0
2024-01-01,26.0,20.2,32.7,0.0,,94.0,8.7,,1010.5,,86926,-25.7217,-53.7481,346.0
2024-01-01,25.0,19.2,31.1,0.0,,41.0,3.8,,1010.8,,86927,-25.6947,-53.0944,520.0
2024-01-01,19.4,15.1,25.2,0.8,,226.0,7.6,,1014.7,,86929,-25.5658,-51.0894,1260.0
2024-01-01,23.1,16.4,30.0,0.0,,109.0,10.6,,1013.4,,86930,-25.0133,-50.8544,808.0
2024-01-01,23.9,19.2,29.0,5.1,,60.0,3.6,,1014.0,,86934,-25.5089,-48.8086,59.0
2024-01-01,24.2,19.6,28.6,0.0,,230.0,8.9,,1011.3,,86936,-26.2864,-53.6328,810.0
2024-01-01,23.5,17.0,29.6,0.0,,47.0,8.4,,1011.3,,86937,-26.7769,-53.5044,665.0
2024-01-01,22.7,17.7,28.5,0.1,,49.0,6.2,,1011.1,,86938,-26.4072,-52.8506,960.0
2024-01-01,21.8,16.1,29.0,0.0,,37.0,11.7,,1012.7,,86939,-26.4172,-52.3489,980.0
2024-01-01,23.0,18.0,28.0,0.4,,89.0,7.8,,1012.0,,86940,-26.9389,-52.3983,889.0
2024-01-01,19.9,15.7,25.6,0.7,,61.0,9.7,,1015.0,,86941,-26.3986,-51.3544,1018.0
2024-01-01,21.9,17.7,28.0,0.1,,81.0,10.7,,1014.6,,86942,-26.3936,-50.3633,808.0
2024-01-01,20.5,16.7,26.2,0.4,,30.0,6.9,,1014.5,,86943,-26.8194,-50.8353,952.0
2024-01-01,21.5,17.5,27.5,2.3,,75.0,7.7,,1015.3,,86944,-26.9375,-50.1464,592.0
2024-01-01,23.6,21.0,27.1,2.2,,63.0,4.1,,1015.1,,86946,-26.9164,-49.2683,87.0
2024-01-01,24.0,20.6,27.5,3.3,,17.0,7.0,,1015.1,,86947,-26.0814,-48.6417,2.0
2024-01-01,22.6,20.2,25.0,2.8,,52.0,7.2,,1015.4,,86948,-26.9508,-48.7619,18.0
2024-01-01,25.2,19.3,30.6,0.0,,92.0,9.6,,1010.9,,86950,-27.8903,-54.4797,276.0
2024-01-01,24.9,19.2,31.5,0.0,,102.0,5.4,,1011.0,,86951,-27.3956,-53.4294,490.0
2024-01-01,25.1,17.7,31.6,0.0,,131.0,5.9,,1011.0,,86952,-27.85,-53.7833,550.0
2024-01-01,23.4,16.5,29.7,0.0,,91.0,7.4,,1011.6,,86953,-27.92,-53.3175,642.0
2024-01-01,22.4,16.7,28.1,0.0,,38.0,6.9,,1012.5,,86954,-27.6603,-52.3064,765.0
2024-01-01,22.7,17.5,28.6,0.3,,53.0,11.9,,1013.3,,86955,-27.1694,-51.5589,776.0
2024-01-01,20.8,16.5,27.6,0.5,,48.0,14.4,,1014.4,,86956,-27.2886,-50.6042,982.0
2024-01-01,21.9,18.6,28.0,3.9,,274.0,5.0,,1014.9,,86957,-27.4183,-49.6467,484.0
2024-01-01,24.3,20.8,27.4,1.1,,358.0,14.6,,1015.4,,86958,-27.6,-48.6167,2.0
2024-01-01,25.6,19.5,31.7,0.0,,140.0,6.7,,1010.7,,86960,-28.6494,-56.0156,83.0
2024-01-01,25.8,18.7,33.2,0.0,,123.0,8.6,,1010.8,,86961,-28.4172,-54.9625,245.0
2024-01-01,23.6,16.2,31.0,0.0,,360.0,9.9,,1011.4,,86962,-28.6036,-53.6736,432.0
2024-01-01,23.2,17.2,29.6,0.3,,71.0,11.9,,1011.9,,86963,-28.2294,-52.4039,684.0
2024-01-01,22.1,15.0,29.2,0.0,,91.0,13.9,,1012.4,,86964,-28.8536,-52.5417,667.0
2024-01-01,22.5,16.6,29.1,0.0,,37.0,10.9,,1012.6,,86965,-28.2219,-51.5122,842.0
2024-01-01,19.9,14.2,26.7,0.0,,22.0,13.1,,1013.9,,86966,-28.5136,-50.8828,986.0
2024-01-01,16.8,12.6,24.2,2.1,,41.0,20.0,,1015.4,,86967,-28.7514,-50.0583,1244.0
2024-01-01,13.4,10.0,18.7,5.2,,332.0,23.8,,1017.3,,86968,-28.1264,-49.4792,1810.0
2024-01-01,17.5,12.7,23.0,5.7,,356.0,3.9,,1016.1,,86969,-28.2756,-49.9344,1410.0
2024-01-01,23.7,18.6,30.0,2.0,,93.0,3.9,,1014.7,,86970,-28.5325,-49.3156,48.0
2024-01-01,23.1,19.5,26.2,1.6,,58.0,8.3,,1015.2,,86971,-28.9314,-49.4981,12.0
2024-01-01,24.1,20.7,27.2,0.4,,54.0,24.4,,1015.0,,86972,-28.6042,-48.8133,52.0
2024-01-01,24.0,17.2,30.0,0.0,,114.0,9.0,,1011.6,,86973,-29.8425,-57.0825,62.0
2024-01-01,23.8,17.2,30.2,0.0,,119.0,7.2,,1012.0,,86975,-29.7117,-55.5261,121.0
2024-01-01,23.8,16.0,31.7,0.0,,138.0,4.8,,1011.5,,86976,-29.1914,-54.8856,394.0
2024-01-01,22.9,16.1,29.7,0.2,,116.0,7.9,,1012.7,,86977,-29.7,-53.7,95.0
2024-01-01,22.7,15.2,29.6,0.0,,105.0,11.0,,1013.2,,86978,-29.8733,-52.3825,111.0
2024-01-01,22.0,16.5,29.0,0.3,,77.0,10.6,,1013.1,,86979,-29.1672,-51.5347,640.0
2024-01-01,19.8,14.5,25.0,1.8,,40.0,11.2,,1013.9,,86980,-29.3689,-50.8275,830.0
2024-01-01,23.6,20.5,27.6,0.4,,36.0,11.6,,1015.3,,86981,-29.3503,-49.7331,5.0
2024-01-01,22.7,15.7,30.7,0.0,,113.0,7.8,,1011.4,,86982,-30.3686,-56.4372,124.0
2024-01-01,21.1,14.5,27.7,0.0,,111.0,8.6,,1013.6,,86983,-30.8333,-55.6,328.0
2024-01-01,23.6,16.7,29.7,0.0,,92.0,9.6,,1012.8,,86984,-30.3414,-54.3108,126.0
2024-01-01,22.4,15.7,28.5,0.0,,87.0,10.7,,1012.7,,86985,-30.9925,-54.8153,170.0
2024-01-01,20.5,13.7,27.7,0.0,,91.0,12.6,,1013.8,,86986,-30.5478,-53.4675,450.0
2024-01-01,23.2,18.1,29.5,0.0,,102.0,17.9,,1013.6,,86988,-30.05,-51.1667,47.0
2024-01-01,21.5,15.0,27.0,0.3,,77.0,3.1,,1014.6,,86989,-30.8106,-51.8347,108.0
2024-01-01,23.2,21.5,25.0,0.0,,7.0,0.1,,1014.5,,86990,-30.0097,-50.1353,1.0
2024-01-01,21.6,15.2,28.2,0.0,,83.0,13.6,,1013.8,,86992,-31.3478,-54.0133,230.0
2024-01-01,19.5,14.0,26.2,0.0,,84.0,17.1,,1014.0,,86993,-31.4058,-52.7011,464.0
2024-01-01,23.1,20.7,26.0,0.0,,70.0,25.9,,1015.1,,86994,-31.2478,-50.9056,10.0
2024-01-01,22.2,19.4,24.8,0.0,,77.0,18.9,,1015.4,,86995,-32.0333,-52.1,3.0
2024-01-01,20.3,14.2,24.6,0.4,,68.0,11.7,,1015.4,,86996,-32.5542,-53.3764,47.0
2024-01-01,19.8,14.6,23.7,0.7,,52.0,21.1,,1016.0,,86998,-33.7417,-53.3714,26.0
2024-01-01,8.4,4.4,13.3,7.1,,31.0,4.4,,1014.8,,87007,-22.1,-65.6,3462.0
2024-01-01,28.8,24.4,35.1,22.2,,287.0,7.2,,1005.7,,87016,-23.15,-64.3167,357.0
2024-01-01,31.2,23.0,34.5,7.1,,71.0,6.2,,1007.6,,87022,-22.65,-63.8167,450.0
2024-01-01,26.4,20.7,32.3,3.0,,35.0,8.7,20.4,1012.8,,87046,-24.3833,-65.0833,921.0
2024-01-01,20.8,18.2,28.8,0.0,,40.0,8.9,,1015.2,,87047,-24.85,-65.4833,1238.0
2024-01-01,31.2,24.8,36.0,3.1,,75.0,7.9,,1007.3,,87065,-24.1667,-62.9,205.0
2024-01-01,34.2,21.4,40.0,0.9,,82.0,8.2,,1007.7,,87078,-24.7,-60.5833,130.0
2024-01-01,26.6,21.2,32.9,0.0,,113.0,8.3,,1009.8,,87097,-25.7333,-54.4667,270.0
2024-01-01,24.8,21.4,32.7,9.5,,217.0,11.1,,1008.7,,87121,-26.85,-65.1,440.0
2024-01-01,25.0,22.0,29.3,19.3,,77.0,9.6,,1009.5,,87129,-27.7667,-64.3,198.0
2024-01-01,26.4,20.8,32.6,0.0,,130.0,8.6,,1009.9,,87148,-26.7333,-60.4833,91.0
2024-01-01,26.1,22.6,36.4,2.0,,104.0,11.3,,1008.9,,87149,-26.8167,-60.45,91.0
2024-01-01,26.5,21.2,32.6,0.0,,158.0,8.0,,1009.6,,87155,-27.45,-59.05,53.0
2024-01-01,28.1,22.9,33.3,0.3,,135.0,9.7,,1008.6,,87162,-26.2,-58.2333,59.0
2024-01-01,23.6,17.4,28.6,0.1,,69.0,11.8,,1012.8,,87163,-26.25,-53.15,815.0
2024-01-01,25.9,21.0,31.4,0.0,,146.0,11.2,,1009.8,,87166,-27.45,-58.7667,62.0
2024-01-01,28.1,22.2,33.6,0.0,,121.0,8.6,,1009.5,,87178,-27.3667,-55.9667,131.0
2024-01-01,26.2,18.0,34.2,0.1,,125.0,12.2,,1009.7,,87211,-28.0667,-67.5667,1201.0
2024-01-01,23.3,18.4,29.2,2.2,,199.0,16.5,,1011.4,,87213,-29.2333,-67.4333,945.0
2024-01-01,24.9,20.9,37.8,1.0,,246.0,9.8,,1009.3,,87217,-29.3833,-66.8167,438.0
2024-01-01,29.7,24.3,30.2,3.6,,22.0,14.3,37.0,1008.4,,87222,-28.6,-65.7667,454.0
2024-01-01,24.2,18.9,33.2,11.9,,80.0,6.6,,1011.6,,87244,-29.9,-63.6833,341.0
2024-01-01,23.2,19.3,31.3,2.0,,133.0,7.2,,1011.4,,87257,-29.8833,-61.95,87.0
2024-01-01,24.1,19.6,28.8,0.5,,128.0,10.8,,1011.0,,87270,-29.1833,-59.7,48.0
2024-01-01,24.3,18.5,30.4,0.0,,125.0,13.3,29.6,1011.4,,87289,-29.6833,-57.15,69.0
2024-01-01,23.6,17.8,30.8,0.0,,116.0,12.4,,1013.2,,87305,-30.25,-68.75,1165.0
2024-01-01,27.5,21.5,36.5,0.2,,165.0,19.3,,1009.0,,87311,-31.5667,-68.8667,597.0
2024-01-01,29.4,21.0,28.8,16.0,,147.0,14.7,,1011.7,,87320,-30.3667,-66.2833,467.0
2024-01-01,23.4,19.4,30.6,9.6,,60.0,12.8,,1011.6,,87322,-31.3333,-66.6,658.0
2024-01-01,24.6,18.1,34.9,4.1,,334.0,5.0,,1011.0,,87328,-31.95,-65.1333,561.0
2024-01-01,22.9,16.8,31.0,43.9,,146.0,9.5,22.2,1012.0,,87344,-31.3167,-64.2167,484.0
2024-01-01,24.7,17.5,32.3,72.9,,54.0,9.4,,1011.6,,87345,-31.4,-64.1833,426.0
2024-01-01,23.7,17.9,30.3,2.3,,78.0,9.9,,1011.9,,87347,-31.45,-64.2667,502.0
2024-01-01,23.3,17.5,31.4,0.0,,104.0,7.9,,1012.1,,87349,-31.6667,-63.8833,338.0
2024-01-01,23.6,18.3,28.5,0.0,,125.0,7.8,,1011.9,,87371,-31.7,-60.8167,17.0
2024-01-01,23.2,17.9,29.2,0.0,,286.0,6.3,,1011.6,,87374,-31.7833,-60.4833,74.0
2024-01-01,23.8,18.7,29.6,0.1,,135.0,10.7,,1011.7,,87393,-30.2667,-57.65,53.0
2024-01-01,23.0,18.1,33.4,0.0,,72.0,7.9,,1012.3,,87395,-31.3,-58.0167,35.0
2024-01-01,18.9,9.4,28.3,0.0,,75.0,8.8,,1014.1,,87405,-32.6,-69.3333,1844.0
2024-01-01,23.4,15.4,31.1,0.0,,35.0,11.6,,1012.4,,87412,-33.7667,-69.0333,940.0
2024-01-01,26.9,19.1,34.0,0.0,,184.0,11.2,,1010.2,,87416,-33.0833,-68.4167,653.0
2024-01-01,26.2,18.7,33.5,0.2,,37.0,8.3,25.9,1009.7,,87418,-32.8333,-68.7833,705.0
2024-01-01,25.9,16.4,30.2,0.0,,34.0,12.0,,1012.7,,87420,-32.8833,-68.85,827.0
2024-01-01,24.9,16.1,34.1,0.0,,107.0,12.5,,1010.4,,87436,-33.2667,-66.35,710.0
2024-01-01,21.9,13.8,31.7,1.0,,28.0,7.0,,1012.4,,87448,-33.7333,-65.3833,485.0
2024-01-01,26.5,14.6,28.5,0.0,,134.0,12.9,,1011.8,,87453,-33.1167,-64.2333,420.0
2024-01-01,22.7,15.4,30.6,0.0,,14.0,5.9,,1011.9,,87467,-32.7,-62.15,110.0
2024-01-01,23.4,18.2,28.7,0.2,,59.0,8.4,24.1,1011.7,,87480,-32.9167,-60.7833,25.0
2024-01-01,23.7,18.5,29.0,1.6,,46.0,8.9,,1012.4,,87497,-33.0,-58.6167,23.0
2024-01-01,20.1,12.0,28.2,0.0,,62.0,6.3,,1012.7,,87506,-35.5,-69.5833,1426.0
2024-01-01,23.7,15.5,32.2,0.0,,106.0,12.1,,1010.7,,87509,-34.5833,-68.4,745.0
2024-01-01,20.0,14.7,27.5,6.5,,33.0,2.0,,1012.8,,87532,-35.7,-63.75,139.0
2024-01-01,21.3,13.2,29.2,0.0,,341.0,1.7,,1012.4,,87534,-34.1333,-63.3667,136.0
2024-01-01,21.3,17.1,26.2,8.9,,106.0,10.5,,1013.2,,87544,-35.8667,-61.9,87.0
2024-01-01,21.8,13.8,28.1,0.0,,104.0,5.7,,1011.8,,87548,-34.55,-60.9167,82.0
2024-01-01,22.7,17.7,26.5,0.8,,76.0,10.7,,1012.9,,87550,-35.45,-60.8833,76.0
2024-01-01,23.9,20.0,28.6,3.7,,75.0,14.0,,1012.9,,87553,-34.45,-58.5833,3.0
2024-01-01,21.3,16.5,27.0,0.0,,97.0,10.0,,1013.8,,87563,-36.0667,-59.1,38.0
2024-01-01,24.3,20.2,28.7,5.0,,64.0,11.5,,1013.1,,87571,-34.6,-58.6,18.0
2024-01-01,22.9,19.3,27.7,4.3,,61.0,11.9,,1013.2,,87572,-34.5667,-58.7833,28.0
2024-01-01,23.0,20.3,26.4,1.8,,62.0,13.5,,1013.3,,87574,-34.6833,-58.65,30.0
2024-01-01,24.1,19.9,28.2,1.2,,74.0,10.8,,1013.1,,87576,-34.8167,-58.5333,20.0
2024-01-01,24.3,21.1,27.5,0.0,,49.0,17.5,,1013.2,,87582,-34.5667,-58.4167,6.0
2024-01-01,25.2,22.8,28.6,2.2,,53.0,9.5,,1013.0,,87585,-34.5833,-58.4833,25.0
2024-01-01,22.5,17.3,26.7,1.5,,76.0,8.3,,1014.2,,87593,-34.9667,-57.9,21.0
2024-01-01,21.7,19.3,26.1,3.7,,53.0,17.6,,1014.4,,87596,-35.3667,-57.2833,16.0
2024-01-01,20.5,14.7,27.2,0.3,,27.0,9.9,24.1,1012.9,,87623,-36.5667,-64.2667,190.0
2024-01-01,20.3,16.6,24.9,7.8,,56.0,10.0,,1013.6,,87637,-37.4333,-61.8833,233.0
2024-01-01,19.8,17.0,23.8,6.0,,78.0,12.1,,1013.3,,87639,-36.25,-61.1,94.0
2024-01-01,20.1,17.0,25.1,5.5,,52.0,6.9,,1013.8,,87640,-36.2,-61.0667,94.0
2024-01-01,19.8,16.5,26.2,2.0,,56.0,9.4,,1014.6,,87641,-36.8333,-59.8833,146.0
2024-01-01,20.2,17.0,24.5,0.4,,75.0,11.2,,1014.1,,87642,-36.75,-59.8333,132.0
2024-01-01,20.9,15.8,25.6,0.0,,68.0,11.5,,1014.0,,87643,-36.8833,-60.2167,165.0
2024-01-01,20.9,14.9,27.0,0.0,,77.0,9.9,,1014.4,,87645,-37.2333,-59.25,175.0
2024-01-01,21.7,18.1,25.7,0.0,,37.0,7.7,,1014.1,,87648,-36.35,-57.7333,10.0
2024-01-01,20.4,17.0,24.5,0.3,,21.0,14.6,,1015.0,,87663,-37.2333,-57.0333,7.0
2024-01-01,22.3,14.3,25.0,4.1,,50.0,12.2,,1013.4,,87679,-37.6,-62.3833,304.0
2024-01-01,21.7,16.6,31.8,1.2,,8.0,15.3,,1013.7,,87688,-38.3333,-60.25,115.0
2024-01-01,21.1,16.8,29.7,0.0,,19.0,11.0,,1015.2,,87692,-37.9333,-57.5833,18.0
2024-01-01,28.2,22.0,35.1,0.0,,268.0,13.8,,1009.9,,87715,-38.95,-68.1333,270.0
2024-01-01,25.5,17.8,33.1,0.0,,8.0,13.3,,1011.0,,87736,-39.0167,-64.0833,79.0
2024-01-01,23.7,17.4,32.3,0.0,,14.0,19.1,,1013.3,,87750,-38.7333,-62.1667,75.0
2024-01-01,20.2,11.9,29.2,0.0,,254.0,15.7,,1012.9,,87761,-40.0833,-71.1333,779.0
2024-01-01,18.0,7.0,28.0,0.0,,292.0,16.0,,1016.8,,87765,-41.15,-71.1667,845.0
2024-01-01,23.8,11.8,32.2,0.0,,267.0,10.7,,1012.0,,87774,-41.25,-68.7333,888.0
2024-01-01,22.7,17.0,27.7,0.0,,191.0,19.3,,1011.2,,87784,-40.7833,-65.1,20.0
2024-01-01,26.2,20.3,33.8,1.1,,341.0,18.2,,1010.9,,87791,-40.85,-63.0167,6.0
2024-01-01,20.1,9.8,30.9,0.0,,320.0,6.9,,1015.8,,87800,-41.9667,-71.5167,337.0
2024-01-01,18.3,9.9,23.1,0.0,,210.0,17.1,,1014.4,,87803,-42.9333,-71.15,789.0
2024-01-01,22.1,14.6,31.7,0.0,,229.0,18.7,,1011.6,,87814,-43.8167,-68.8833,460.0
2024-01-01,20.0,15.9,24.6,0.0,,112.0,16.8,,1011.3,,87823,-42.7333,-65.0667,136.0
2024-01-01,20.0,16.1,33.4,0.0,,122.0,17.8,,1013.2,,87828,-43.2,-65.2667,39.0
2024-01-01,18.2,13.3,23.8,,,104.0,21.8,,1012.1,,87839,-46.5167,-63.6333,0.0
2024-01-01,21.2,13.4,26.1,0.0,,286.0,29.6,,1012.7,,87852,-46.5167,-71.0167,429.0
2024-01-01,18.3,12.4,26.5,0.0,,105.0,11.1,,1013.4,,87860,-45.7833,-67.5,58.0
2024-01-01,21.6,13.5,28.9,0.0,,262.0,15.5,,1010.6,,87880,-48.7833,-70.1667,358.0
2024-01-01,20.8,12.1,27.0,0.0,,12.0,25.4,,1012.9,,87896,-47.7333,-65.9167,81.0
2024-01-01,14.6,9.0,19.3,,,296.0,25.9,,1011.4,,87903,-50.3333,-72.3,223.0
2024-01-01,16.1,10.5,23.9,0.0,,292.0,11.8,,1011.7,,87904,-50.2667,-72.05,199.0
2024-01-01,13.0,7.9,24.7,0.0,,14.0,19.3,,1012.7,,87909,-49.3167,-67.75,58.0
2024-01-01,19.8,12.6,28.7,0.0,,36.0,19.7,,1010.5,,87912,-50.0167,-68.5667,113.0
2024-01-01,11.2,7.6,21.6,0.3,,320.0,13.2,,1010.8,,87925,-51.6167,-69.2833,20.0
2024-01-01,13.7,7.5,21.6,2.0,,285.0,22.4,,1008.6,,87934,-53.8,-67.75,13.0
2024-01-01,5.4,4.0,10.0,4.1,,121.0,13.2,,1006.9,,87938,-54.8,-68.3167,16.0
2024-01-01,8.6,3.6,14.3,0.0,,226.0,19.6,,1010.1,,88889,-51.8167,-58.45,74.0
2024-01-01,8.4,6.2,10.0,0.0,,231.0,28.9,,1010.2,,88891,-51.6833,-57.7667,23.0
2024-01-01,2.0,-1.6,4.9,2.1,,48.0,6.7,,973.1,,88903,-54.2667,-36.5,3.0
2024-01-01,19.5,15.7,25.4,0.0,,104.0,16.9,,1011.6,,97789,-42.77,-65.1,136.0
2024-01-01,26.5,23.5,31.0,0.0,,343.0,11.2,,1012.2,,MPPA0,8.9147,-79.5997,7.0
2024-01-01,23.5,18.1,28.0,5.7,,31.0,6.5,,1011.7,,SACT0,-30.3667,-66.3,457.0
2024-01-01,23.2,19.6,27.3,6.8,,64.0,11.8,,1013.2,,SADO0,-34.5344,-58.6717,24.0
2024-01-01,15.2,9.5,20.4,0.0,,309.0,14.5,,1010.3,,SAWT0,-51.6,-72.2167,273.0
2024-01-01,26.8,23.8,32.0,2.9,,75.0,10.5,,1010.8,,SBAU0,-21.1413,-50.4247,415.0
2024-01-01,21.2,19.5,24.2,8.2,,92.0,8.3,,1016.2,,SBAX0,-19.5632,-46.9604,999.0
2024-01-01,24.8,19.5,30.0,0.0,,48.0,14.1,,1013.7,,SBCA0,-25.0003,-53.5008,754.0
2024-01-01,23.9,21.4,28.0,4.8,,341.0,7.4,,1012.8,,SBCC0,-9.3333,-54.95,536.0
2024-01-01,24.8,19.1,30.0,1.1,,50.0,10.6,,1013.4,,SBCH0,-27.1342,-52.6566,650.0
2024-01-01,24.9,20.4,30.0,13.5,,348.0,4.3,,1014.1,,SBCJ0,-6.1167,-50.0,621.0
2024-01-01,20.5,13.5,27.7,0.9,,37.0,11.8,,1013.7,,SBCX0,-29.18,-51.18,754.0
2024-01-01,23.0,21.2,24.0,8.8,,170.0,9.8,,1015.3,,SBFS0,-22.0294,-41.07,3.0
2024-01-01,26.7,23.7,31.0,16.1,,321.0,9.2,,1010.8,,SBGM0,-10.7864,-65.2848,146.0
2024-01-01,21.3,19.0,25.0,0.1,,98.0,13.9,,1016.9,,SBGR0,-23.4333,-46.4667,750.0
2024-01-01,20.8,19.6,23.0,15.7,,128.0,15.8,,1015.8,,SBLS0,-19.6667,-43.9,837.0
2024-01-01,22.9,20.7,26.0,0.9,,23.0,3.9,,1016.1,,SBME0,-22.35,-41.7667,2.0
2024-01-01,26.1,20.3,31.1,0.0,,93.0,12.9,,1011.8,,SBML0,-22.1966,-49.9264,647.0
2024-01-01,24.8,17.8,31.4,0.0,,88.0,10.2,,1011.2,,SBNM0,-28.2817,-54.1691,322.0
2024-01-01,20.0,18.7,21.3,17.3,,95.0,14.0,,1015.0,,SBPR0,-19.9093,-43.9907,927.0
2024-01-01,26.8,24.0,30.0,4.8,,58.0,11.9,,1012.4,,SBPS0,-16.4386,-39.0809,51.0
2024-01-01,25.1,20.4,30.2,0.0,,58.0,11.0,,1011.2,,SBTD0,-24.6863,-53.6975,562.0
2024-01-01,22.2,20.0,26.0,22.5,,65.0,10.9,,1015.8,,SBUL0,-18.8833,-48.2333,943.0
2024-01-01,13.1,7.5,17.4,0.0,,325.0,24.0,,1009.4,,SCFM0,-53.2536,-70.3192,32.0
2024-01-01,15.9,14.4,18.6,0.0,,219.0,17.2,,1022.0,,SCIR0,-33.6658,-78.9292,132.0
2024-01-01,17.1,11.0,27.0,0.0,,167.0,9.0,,1017.5,,SCJO0,-40.6114,-73.0606,57.0
2024-01-01,17.1,11.6,24.0,0.0,,189.0,18.1,,1017.4,,SCRD0,-33.0683,-71.5575,335.0
2024-01-01,17.0,11.0,22.0,0.0,,317.0,9.1,,1016.7,,SCVM0,-32.9497,-71.4786,140.0
2024-01-01,13.3,9.9,17.3,4.6,,309.0,5.6,,1018.4,,SEAS0,-0.0833,-78.3,2743.0
2024-01-01,24.8,21.8,29.6,8.3,,342.0,5.3,,1011.6,,SELA0,0.0931,-76.8686,289.0
2024-01-01,25.5,21.8,31.0,8.3,,350.0,6.3,,1011.5,,SENL0,0.0925,-76.8694,283.0
2024-01-01,26.1,24.0,29.0,0.3,,335.0,9.5,,1012.4,,SERO0,-3.4381,-79.9769,7.0
2024-01-01,25.7,17.8,32.6,4.8,,32.0,9.6,,1009.9,,SGGR0,-24.0322,-54.3511,303.0
2024-01-01,25.3,22.2,32.1,34.9,,51.0,9.3,,1010.8,,SGPJ0,-22.6414,-55.83,546.0
2024-01-01,27.5,22.6,33.8,3.4,,30.0,6.7,,1007.6,,SGSP0,-24.0828,-57.0878,72.0
2024-01-01,27.1,22.1,33.0,0.2,,65.0,7.6,,1009.4,,SGVR0,-25.7414,-56.4456,125.0
2024-01-01,14.2,7.8,22.0,0.4,,78.0,7.1,,1017.7,,SKGY0,4.8123,-74.0649,2557.0
2024-01-01,26.9,24.2,31.6,1.6,,151.0,5.0,,1010.5,,SKPD0,3.8535,-67.9062,140.0
2024-01-01,24.7,20.0,29.0,1.1,,352.0,5.2,,1012.9,,SKQU0,5.2167,-74.8833,467.0
2024-01-01,26.4,22.2,32.0,0.9,,307.0,6.9,,1011.5,,SKSA0,6.9547,-71.8603,213.0
2024-01-01,23.6,17.5,30.9,3.8,,213.0,6.0,,1009.6,,SLAG0,-19.827,-63.961,1120.0
2024-01-01,26.1,24.0,30.0,3.7,,334.0,10.6,,1010.2,,SLBU0,-13.6592,-63.7028,151.0
2024-01-01,26.1,23.8,29.3,1.4,,340.0,11.3,,1010.1,,SLRA0,-13.2639,-64.6039,213.0
2024-01-01,26.2,23.8,29.8,7.8,,337.0,13.1,,1009.3,,SLSR0,-14.0662,-66.7868,225.0
2024-01-01,27.3,25.0,31.7,14.8,,346.0,9.8,,1009.4,,SLTI0,-16.3392,-58.4019,123.0
2024-01-01,14.2,7.6,20.8,0.3,,344.0,13.0,,1014.4,,SLUY0,-20.4463,-66.8484,3394.0
2024-01-01,18.6,13.8,24.4,1.9,,66.0,6.6,,1011.9,,SLVG0,-18.4825,-64.0994,1997.0
2024-01-01,26.4,21.1,32.7,0.0,,71.0,9.3,,1012.1,,SMJP0,5.45,-55.1833,16.0
2024-01-01,25.7,19.8,32.6,0.0,,65.0,9.9,,1012.0,,SOOA0,3.6575,-54.0372,124.0
2024-01-01,26.5,22.9,31.7,0.2,,46.0,9.7,,1012.1,,SOOG0,3.8976,-51.8041,14.0
2024-01-01,24.6,21.1,31.0,24.1,,232.0,5.9,,1013.8,,SPJE0,-5.5925,-78.774,755.0
2024-01-01,24.2,20.7,30.6,5.4,,47.0,3.8,,1012.3,,SPMF0,-11.3254,-74.5356,685.0
2024-01-01,19.4,14.0,24.2,0.2,,63.0,15.9,,1015.2,,SULS0,-34.8667,-55.1,30.0
2024-01-01,27.7,25.3,30.5,0.0,,77.0,25.1,,1013.6,,SVMG0,10.9167,-63.9833,23.0
2024-01-01,28.2,24.4,33.0,1.6,,55.0,17.6,,1012.4,,SVPR0,8.3,-62.7333,144.0
2024-01-01,24.6,22.9,28.4,10.2,,216.0,7.4,,1013.2,,SVVG0,8.6333,-71.6667,100.0
2024-01-01,26.4,25.1,27.4,3.0,,67.0,22.1,,1012.6,,SYGO0,6.8,-58.1,1.0
